รหัส,รายการ,หน่วยนับ,กลุ่มสินค้า,ขั้นสูง,ขั้นต่ำ,
ส0001,กบเหลาดินสอ,อัน,สำนักงาน,,,295.00
ส0002,กรรไกร,เล่ม,สำนักงาน,,,85.00
ส0003,กรอบรูป ขนาด A4,บาน,สำนักงาน,,,
ส0004,กรอบรูป ขนาดใหญ่กว่า A4,บาน,สำนักงาน,,,"1,032.00"
ส0005,กรอบใส่ป้ายทะเบียน,อัน,สำนักงาน,,,80.00
ส0006,กระจกโต๊ะทำงาน,แผ่น,สำนักงาน,,,650.00
ส0007,กระดานไวท์บอร์ด (60*90 ซม.),อัน,สำนักงาน,,,375.00
ส0008,กระดาษ A4 80 แกรม (ทุกสี),รีม,สำนักงาน,,,240.00
ส0009,กระดาษ A4 80 แกรม (สีขาว),รีม,สำนักงาน,,,135.00
ส0010,กระดาษ A4 120 แกรม (ทุกสี),รีม,สำนักงาน,,,135.00
ส0011,กระดาษ A4 160 แกรม (ทุกสี),รีม,สำนักงาน,,,120.00
ส0012,กระดาษ A4 180 แกรม (ทุกสี),รีม,สำนักงาน,,,135.00
ส0013,กระดาษ A5 80 แกรม (ใบสั่งยา),รีม,สำนักงาน,,,85.00
ส0014,กระดาษกาวปิดลังพัสดุ,ม้วน,สำนักงาน,,,20.00
ส0015,กระดาษกาวย่น 1 นิ้ว,ม้วน,สำนักงาน,,,38.00
ส0016,กระดาษกาวย่น 2 นิ้ว,ม้วน,สำนักงาน,,,75.00
ส0017,กระดาษแข็งสี-สีขาว,แผ่น,สำนักงาน,,,17.00
ส0018,กระดาษไข SF A4/L,หลอด,สำนักงาน,,,"2,033.00"
ส0019,กระดาษคาร์บอน,แพ็ค,สำนักงาน,,,155.00
ส0020,กระดาษทำเกียรติบัตรขอบทอง,รีม,สำนักงาน,,,250.00
ส0021,"กระดาษเทอมอล 110*30 ซม.(ห้องบัตร,ชันสูตร)",ม้วน,สำนักงาน,,,"2,750.00"
ส0022,"กระดาษเทอมอล 110*80 ซม.(ER,OPD,LAB)",ม้วน,สำนักงาน,,,"4,900.00"
ส0023,กระดาษเทอมอล 110*90 ซม.(IC),ม้วน,สำนักงาน,,,250.00
ส0024,กระดาษเทอมอล 55*50 ซม.(การเงิน),ม้วน,สำนักงาน,,,57.00
ส0025,กระดาษเทอมอล 57*15 มม. (การเงินห้องยา),ม้วน,สำนักงาน,,,42.00
ส0026,"กระดาษเทอมอล 80*50 มม. (ER,OPD) ใส่BP",ม้วน,สำนักงาน,,,52.00
ส0027,กระดาษเทอมอลขนาด 8 ซม.* 80 ม.,ม้วน,สำนักงาน,,,78.00
ส0028,กระดาษโฟโต้ A4,แพ็ค,สำนักงาน,,,295.00
ส0029,กระดาษว่าวทุกสี,แผ่น,สำนักงาน,,,10.00
ส0030,กระดาษสติ๊กเกอร์ A4,แพ็ค,สำนักงาน,,,145.00
ส0031,สติ๊กเกอร์สำหรับเครื่อง PB3-312 (1/500ดวง),ม้วน,สำนักงาน,,,0.95
ส0032,ม้วนหมึกสำหรับเครื่องยิง PB3-312,ม้วน,สำนักงาน,,,0.85
ส0033,กระดาษสติ๊กเกอร์ใหญ่กว่า A4,แผ่น,สำนักงาน,,,35.00
ส0034,กระดาษสีจัดบอร์ด,แผ่น,สำนักงาน,,,10.00
ส0035,กระดาษห่อพัสดุ (สีน้ำตาล),แผ่น,สำนักงาน,,,10.00
ส0036,กล่องลิ้นชักใส่เอกสาร 3 - 7 ชั้น,ใบ,สำนักงาน,,,980.00
ส0037,กล่องใส่แฟ้ม 1 ช่อง,ใบ,สำนักงาน,,,395.00
ส0038,กล่องใส่แฟ้ม 3 ช่อง,ใบ,สำนักงาน,,,275.00
ส0039,กล่องใส่รับบริจาค,กล่อง,สำนักงาน,,,"1,155.00"
ส0040,กากเพชร,ขวด,สำนักงาน,,,20.00
ส0041,การ์ดเตียง (สีชมพู),ใบ,สำนักงาน,,,0.50
ส0042,การ์ดเตียง (สีฟ้า),ใบ,สำนักงาน,,,0.50
ส0043,กาว 2 หน้า บาง,ม้วน,สำนักงาน,,,20.00
ส0044,กาว 2 หน้า หนา,ม้วน,สำนักงาน,,,270.00
ส0045,กาวUHU,หลอด,สำนักงาน,,,65.00
ส0046,กาวตราช้าง,หลอด,สำนักงาน,,,25.00
ส0047,กาวแท่งใส่ปืนยิงกาว,ห่อ,สำนักงาน,,,250.00
ส0048,กาวน้ำหรือกาวลาเท็กซ์,ขวด,สำนักงาน,,,65.00
ส0049,กาวร้อน สนง.,ขวด,สำนักงาน,,,25.00
ส0050,เก้าอี้พลาสติกรุ่นหนาพิเศษ,ตัว,สำนักงาน,,,250.00
ส0051,ขี้ผึ้งนับแบงค์,ตลับ,สำนักงาน,,,40.00
ส0052,เข็มหมุด สนง.,กล่อง,สำนักงาน,,,85.00
ส0053,คลิบบอร์ด (A4),แผ่น,สำนักงาน,,,69.00
ส0054,คลิบบอร์ด (A5),แผ่น,สำนักงาน,,,35.00
ส0055,คลิบหนีบ 2 ขา สีดำ เบอร์ 108,กล่อง,สำนักงาน,,,90.00
ส0056,คลิบหนีบ 2 ขา สีดำ เบอร์ 109,กล่อง,สำนักงาน,,,80.00
ส0057,คลิบหนีบ 2 ขา สีดำ เบอร์ 110,กล่อง,สำนักงาน,,,45.00
ส0058,คลิบหนีบ 2 ขา สีดำ เบอร์ 111,กล่อง,สำนักงาน,,,35.00
ส0059,คลิบหนีบ 2 ขา สีดำ เบอร์ 112,กล่อง,สำนักงาน,,,23.00
ส0060,เครื่องคิดเลข,เครื่อง,สำนักงาน,,,650.00
ส0061,เครื่องดับเพลิงชนิด NON C.F.C.BF 2000 (ถังเขียว) ขนาด 10 ปอนด์,ถัง,สำนักงาน,,,"1,147.00"
ส0062,เครื่องดับเพลิงชนิด NON C.F.C.BF 2000 (ถังเขียว) ขนาด 3 ปอนด์,ถัง,สำนักงาน,,,706.20
ส0063,เครื่องดับเพลิงชนิด NON C.F.C.BF 2000 (ถังเขียว) ขนาด 5 ปอนด์,ถัง,สำนักงาน,,,"1,177.00"
ส0064,เครื่องน้ำยาดับเพลิงชนิดผงเคมี 15 ปอนด์,ถัง,สำนักงาน,,,428.00
ส0065,ชุดดอกไม้/ตัวการ์ตูนแต่งบอร์ด,ชุด,สำนักงาน,,,200.00
ส0066,ชุดธูปเทียนแพร,ชุด,สำนักงาน,,,550.00
ส0067,เชือกมัดกล่องพัสดุ,ขด,สำนักงาน,,,30.00
ส0068,ซองกันกระแทก,ซอง,สำนักงาน,,,16.00
ส0069,ซองขาว,ซอง,สำนักงาน,,,0.70
ส0070,ซองน้ำตาล A4 (ขยายข้าง),ซอง,สำนักงาน,,,4.00
ส0071,ซองน้ำตาล A4 (ไม่ขยายข้าง),ซอง,สำนักงาน,,,4.00
ส0072,ซองใส่บัตรผู้ป่วย,ซอง,สำนักงาน,,,5.00
ส0073,ซองใส่บัตรห้อยคอ,ซอง,สำนักงาน,,,15.00
ส0074,ดินน้ำมัน,ก้อน,สำนักงาน,,,45.00
ส0075,ดินสอ,แท่ง,สำนักงาน,,,3.00
ส0076,ตรายางวันที่แบบปั้ม,อัน,สำนักงาน,,,55.00
ส0077,ตรายางวันที่แบบหมึกในตัว,อัน,สำนักงาน,,,195.00
ส0078,ตรายางสำเนา,อัน,สำนักงาน,,,175.00
ส0079,ตรายางสำเนาคู่ฉบับ,อัน,สำนักงาน,,,30.00
ส0080,ตรายางสำเนาถูกต้อง,อัน,สำนักงาน,,,175.00
ส0081,ตรายางอนุมัติ,อัน,สำนักงาน,,,175.00
ส0082,ตลับชาติ (เบอร์ 2),ตลับ,สำนักงาน,,,40.00
ส0083,ตะกร้าใส่เอกสารมีฝาปิด,ใบ,สำนักงาน,,,175.00
ส0084,ตาไก่ (เล็ก),อัน,สำนักงาน,,,195.00
ส0085,ตู้ใส่เครื่องดับเพลิง ชนิดถังคู่,ตู้,สำนักงาน,,,"1,600.00"
ส0086,ทะเบียนคุมครุภัณฑ์,เล่ม,สำนักงาน,,,145.00
ส0087,ทะเบียนหนังสือรับ,เล่ม,สำนักงาน,,,60.00
ส0088,ทะเบียนหนังสือส่ง,เล่ม,สำนักงาน,,,60.00
ส0089,ที่แขวนตรายาง,อัน,สำนักงาน,,,95.00
ส0090,ที่ดึงลูกแม็กซ์,อัน,สำนักงาน,,,75.00
ส0091,ที่ตัดกระดาษ,อัน,สำนักงาน,,,995.00
ส0092,เทปกั้นเขตขาว-แดง,ม้วน,สำนักงาน,,,65.00
ส0093,เทปกันลื่น,ม้วน,สำนักงาน,,,105.00
ส0094,เทปปั๊มสีเขียว,ม้วน,สำนักงาน,,,145.00
ส0095,เทปใส 1 นิ้ว,ม้วน,สำนักงาน,,,40.00
ส0096,เทปใส 2 นิ้ว,ม้วน,สำนักงาน,,,25.00
ส0097,เทปใส 3/4 นิ้ว,ม้วน,สำนักงาน,,,30.00
ส0098,เทปใส 0.5 นิ้ว,ม้วน,สำนักงาน,,,17.00
ส0099,แท่นเทปใส (เล็ก),อัน,สำนักงาน,,,75.00
ส0100,แท่นเทปใส (ใหญ่),อัน,สำนักงาน,,,98.00
ส0101,ธง พระเทพ 60*90 ซม.,ผืน,สำนักงาน,,,50.00
ส0102,ธง ร.10 ขนาด 60*90 ซม.,ผืน,สำนักงาน,,,50.00
ส0103,ธง ร.10 ขนาด 80*120 ซม.,ผืน,สำนักงาน,,,50.00
ส0104,ธง ส.ท. 60*90 ซม.,ผืน,สำนักงาน,,,75.00
ส0105,ธง สก. ขนาด 60*90 ซม.,ผืน,สำนักงาน,,,60.00
ส0106,ธง องค์ภา ขนาด 60*90 ซม.,ผืน,สำนักงาน,,,50.00
ส0107,ธงชาติ ขนาด 60*90 ซม.,ผืน,สำนักงาน,,,40.00
ส0108,ธงชาติ ขนาด 80*120 ซม.,ผืน,สำนักงาน,,,55.00
ส0109,นาฬิกาแขวน,เรือน,สำนักงาน,,,395.00
ส0110,นาฬิกาดิจิตอล (เล็ก),เรือน,สำนักงาน,,,595.00
ส0111,นาฬิกาตั้งเวลา,เรือน,สำนักงาน,,,220.00
ส0112,บัตรรีโมทเปิดไม้กั้นทางแบบบลูทูธ,ใบ,สำนักงาน,,,500.00
ส0113,ใบ Copy Order 22*29.5 ซม.,ชุด,สำนักงาน,,,"2,100.00"
ส0114,ใบเบิกพัสดุ (3ใบ/1ชุด/30ชุด/1เล่ม),เล่ม,สำนักงาน,,,120.00
ส0115,ใบมีดคัทเตอร์ เล่มเล็ก,กล่อง,สำนักงาน,,,20.00
ส0116,ใบมีดคัทเตอร์ เล่มใหญ่,กล่อง,สำนักงาน,,,35.00
ส0117,ใบรายงานคงเหลือประจำวัน,เล่ม,สำนักงาน,,,250.00
ส0118,ใบสั่งเติมน้ำมัน,เล่ม,สำนักงาน,,,30.00
ส0119,ใบสั่งยาเขียน,แพ็ค,สำนักงาน,,,35.00
ส0120,"ใบเสร็จรับเงิน 6*8 ซม.(1,000ใบ/1ลัง/50ลัง)",ลัง,สำนักงาน,,,920.00
ส0121,ใบเสร็จรับเงิน แบบ รบ.304,เล่ม,สำนักงาน,,,40.00
ส0122,ใบหน้า OPD การ์ด,แพ็ค,สำนักงาน,,,750.00
ส0123,ปากกาเขียน CD,ด้าม,สำนักงาน,,,30.00
ส0124,ปากกาเขียนครุภัณฑ์,ด้าม,สำนักงาน,,,65.00
ส0125,"ปากกาเคมี 2 หัว ( ดำ,แดง,น้ำเงิน )",ด้าม,สำนักงาน,,,15.00
ส0126,ปากกาเน้นข้อความ,ด้าม,สำนักงาน,,,38.00
ส0127,ปากกาลบคำผิดแบบเทป,อัน,สำนักงาน,,,45.00
ส0128,"ปากกาไวท์บอร์ด ( ดำ,แดง,น้ำเงิน )",ด้าม,สำนักงาน,,,20.00
ส0129,ป้ายชื่อพร้อมสายคล้องคอ (สกรีนโลโก้) พร้อมกรอบใส,ชุด,สำนักงาน,,,112.00
ส0130,ป้ายตั้งโต๊ะ,อัน,สำนักงาน,,,295.00
ส0131,ปืนยิงกาว,อัน,สำนักงาน,,,165.00
ส0132,แปรงลบกระดาน,อัน,สำนักงาน,,,20.00
ส0133,แผ่นพาเลท ขนาด กว้าง 70 ซม.* ยาว 120 ซม.,อัน,สำนักงาน,,,590.00
ส0134,แผ่นรองตัด A3 สีเขียว,แผ่น,สำนักงาน,,,195.00
ส0135,แผ่นสูญญากาศ,แผ่น,สำนักงาน,,,408.00
ส0136,แผ่นอคีลิค 1*2 ฟุต (ทุกสี),แผ่น,สำนักงาน,,,150.00
ส0137,แผ่นอคีลิค 1*3 ฟุต (ทุกสี),แผ่น,สำนักงาน,,,225.00
ส0138,แผ่นอคีลิค 2*3 ฟุต (ทุกสี),แผ่น,สำนักงาน,,,450.00
ส0139,พระบรมฉายาลักษณ์,บาน,สำนักงาน,,,380.00
ส0140,พลาสติกเคลือบบัตร (A4),แพ็ค,สำนักงาน,,,550.00
ส0141,พลาสติกใสแบบม้วน,ม้วน,สำนักงาน,,,"1,200.00"
ส0142,พลาสติกใสปกรายงาน,แพ็ค,สำนักงาน,,,220.00
ส0143,พวงมาลา,พวง,สำนักงาน,,,"1,500.00"
ส0144,พานพุ่มเงิน-ทอง,พาน,สำนักงาน,,,"1,600.00"
ส0145,พานพุ่มดอกไม้,พาน,สำนักงาน,,,"1,750.00"
ส0146,โพสอิท (สติ๊กเกอร์โน๊ต) ชิ้นเล็ก ๆ,แพ็ค,สำนักงาน,,,39.00
ส0147,โพสอิท (สติ๊กเกอร์โน๊ต) สี่เหลี่ยม,แพ็ค,สำนักงาน,,,39.00
ส0148,ฟอร์มปรอท (ใหม่),แผ่น,สำนักงาน,,,2.14
ส0149,ฟิวเจอร์บอร์ด ขนาดกลาง,แผ่น,สำนักงาน,,,55.00
ส0150,ฟิวเจอร์บอร์ด ขนาดเล็ก,แผ่น,สำนักงาน,,,30.00
ส0151,แฟ้มแขวน,แฟ้ม,สำนักงาน,,,15.00
ส0152,แฟ้มพลาสติกสะสมงาน (เติมใส้ได้),แฟ้ม,สำนักงาน,,,35.00
ส0153,แฟ้มพับกระดาษ,แฟ้ม,สำนักงาน,,,9.00
ส0154,แฟ้มสอด A4,แฟ้ม,สำนักงาน,,,125.00
ส0155,แฟ้มเสนอเซ็นต์,แฟ้ม,สำนักงาน,,,195.00
ส0156,แฟ้มห่วง 1 นิ้ว,แฟ้ม,สำนักงาน,,,65.00
ส0157,แฟ้มห่วง 2 นิ้ว,แฟ้ม,สำนักงาน,,,75.00
ส0158,แฟ้มห่วง 3 นิ้ว,แฟ้ม,สำนักงาน,,,85.00
ส0159,แฟ้มห่วง A5,แฟ้ม,สำนักงาน,,,55.00
ส0160,โฟมขนาด 1 นิ้ว,แผ่น,สำนักงาน,,,40.00
ส0161,มีดคัทเตอร์ เล็ก,เล่ม,สำนักงาน,,,35.00
ส0162,มีดคัทเตอร์ ใหญ่,เล่ม,สำนักงาน,,,65.00
ส0163,แม็กซ์ เบอร์ 10,ตัว,สำนักงาน,,,195.00
ส0164,แม็กซ์ เบอร์ 3,ตัว,สำนักงาน,,,495.00
ส0165,แม็กซ์เย็บกระดาษขนาดใหญ่,ตัว,สำนักงาน,,,850.00
ส0166,ไม้บรรทัด (พลาสติกยาว 1 ฟุต),อัน,สำนักงาน,,,5.00
ส0167,ไม้บรรทัด (เหล็กยาว 1 ฟุต),อัน,สำนักงาน,,,32.00
ส0168,ยางลบ,ก้อน,สำนักงาน,,,6.00
ส0169,ริบบิ้น เบอร์ 3,ม้วน,สำนักงาน,,,22.00
ส0170,ริบบิ้น เบอร์ 9,ม้วน,สำนักงาน,,,35.00
ส0171,ลวดเสียบกระดาษ,กล่อง,สำนักงาน,,,12.00
ส0172,ลิ้นแฟ้มพลาสติก,กล่อง,สำนักงาน,,,95.00
ส0173,ลูกแม็กซ์ เบอร์ 10,กล่อง,สำนักงาน,,,15.00
ส0174,ลูกแม็กซ์ เบอร์ 3,กล่อง,สำนักงาน,,,25.00
ส0175,ลูกแมกซ์ T-10,กล่อง,สำนักงาน,,,40.00
ส0176,แลคซีน 1.5 นิ้ว,ม้วน,สำนักงาน,,,55.00
ส0177,แลคซีน 2 นิ้ว,ม้วน,สำนักงาน,,,75.00
ส0178,แลคซีน 1 นิ้ว,ม้วน,สำนักงาน,,,38.00
ส0179,"สติ๊กเกอร์ สี,ใส(ขนาดใหญ่กว่า A4)",แผ่น,สำนักงาน,,,35.00
ส0180,สติ๊กเกอร์คัดกรองแบบวงกลม,ชุด,สำนักงาน,,,65.00
ส0181,"สติ๊กเกอร์ชื่อ(30,000ดวง/2,000 ต่อลัง)",ลัง,สำนักงาน,,,"4,000.00"
ส0182,สติ๊กเกอร์ไดเร็คเทอมอล 8.5*6 ซม. (พิมพ์เปล่า),ม้วน,สำนักงาน,,,0.23
ส0183,สติ๊กเกอร์ไดเร็คเทอมอล 8.5*6 ซม.(เภสัช),ลัง,สำนักงาน,,,0.28
ส0184,สติ๊กเกอร์ทำขอบ,ม้วน,สำนักงาน,,,20.00
ส0185,"สติ๊กเกอร์ทุกสี สี,ใส (A4)",แพ็ค,สำนักงาน,,,195.00
ส0186,สติ๊กเกอร์ม้วน 3Yk (จ่ายกลาง),ม้วน,สำนักงาน,,,130.00
ส0187,สติ๊กเกอร์ยิงป้าย,ลัง,สำนักงาน,,,"3,800.00"
ส0188,สติ๊กเกอร์สำหรับพิมพ์ วันอายุ ขนาด 4.8*8.16 ซม.,ดวง,สำนักงาน,,,0.95
ส0189,สมุดดูแลสุขภาพผู้ปวยเบาหวาน ความดัน,เล่ม,สำนักงาน,,,32.00
ส0190,สมุดเบอร์ 1,เล่ม,สำนักงาน,,,75.00
ส0191,สมุดเบอร์ 2,เล่ม,สำนักงาน,,,40.00
ส0192,สมุดปกอ่อน,เล่ม,สำนักงาน,,,10.00
ส0193,สมุดลงเวลาปฏิบัติงาน,เล่ม,สำนักงาน,,,95.00
ส0194,สันรูด 5 มิล,อัน,สำนักงาน,,,5.00
ส0195,สันรูด 7 มิล,อัน,สำนักงาน,,,10.00
ส0196,สายคล้องบัตร,เส้น,สำนักงาน,,,12.00
ส0197,สีสเปรย์ คละสี,กระป๋อง,สำนักงาน,,,77.00
ส0198,เสาธง(หัวดอกรัก),อัน,สำนักงาน,,,380.00
ส0199,เสาธงแบบไม้ ขนาด 1.50 ม.,อัน,สำนักงาน,,,55.00
ส0200,ไส้แฟ้มสอด A4,แพ็ค,สำนักงาน,,,25.00
ส0201,หนังสือมาตรฐานโรงพยาบาลและบริการสุขภาพ ฉ.1,เล่ม,สำนักงาน,,,500.00
ส0202,หมึกเครื่องถ่ายเอกสาร Canon NPG-95 BK,หลอด,สำนักงาน,,,"2,750.00"
ส0203,"หมึกเติมตลับชาติ ดำ,แดง,น้ำเงิน",ขวด,สำนักงาน,,,12.00
ส0204,หมึกพิมพ์สำเนา SF สีดำ,หลอด,สำนักงาน,,,"1,016.50"
ส0205,หมุดปักบอร์ด,กล่อง,สำนักงาน,,,35.00
ส0206,เหล็กคั่นแฟ้ม,อัน,สำนักงาน,,,65.00
ส0207,อะไหล่ตรายางวันที่,อัน,สำนักงาน,,,100.00
ส0208,ใบนำส่งตรวจแล็บ,เล่ม,สำนักงาน,,,150.00
ส0209,ที่ยิงเลขครุภัณฑ์,อัน,สำนักงาน,,,"2,526.00"
ส0210,ปากกาเขียนครุภัณฑ์ใหญ่,เเท่ง,สำนักงาน,,,55.00
ส0211,ลูกแม็กซ์ 23/8,กล่อง,สำนักงาน,,,55.00
ส0212,ปกใส A4,แพ็ค,สำนักงาน,,,250.00
ส0213,เครื่องทองน้อย,ชุด,สำนักงาน,,,"1,150.00"
ส0214,ภาพพระบรมฉายาลักษณ์พระพันปีหลวง,รูป,สำนักงาน,,,65.00
ส0215,ตีนตุ๊กแก 1 นิ้ว,เมตร,สำนักงาน,,,59.00
ส0216,ตีนตุ๊กแก 2 นิ้ว,เมตร,สำนักงาน,,,129.00
ส0217,กระดานไวท์บอร์ด 80*120 ซม.,แผ่น,สำนักงาน,,,650.00
ส0218,ธงชาติ ขนาด 120*180 ซม.,ผืน,สำนักงาน,,,160.00
ส0219,สันรูด 10 มิล,อัน,สำนักงาน,,,10.00
ส0220,สันรูด 17 มิล,อัน,สำนักงาน,,,17.00
ส0221,กระเป๋าซิปรูด,ใบ,สำนักงาน,,,59.00
ส0222,กรอบรูปรัชกาลที่ 10 ขนาด 15x20นิ้ว,บาน,สำนักงาน,,,"1,550.00"
ส0223,พวงกุญแจ,กล่อง,สำนักงาน,,,135.00
ส0224,สื่อการสอน,ชุด,สำนักงาน,,,"3,000.00"
ส0225,แฟ้มกล่าวรายงานa4,แฟ้ม,สำนักงาน,,,220.00
ส0226,กรอบรูป ขนาด 15*21นิ้ว,บาน,สำนักงาน,,,"1,250.00"
ส0227,พาน,พาน,สำนักงาน,,,27.00
ส0228,ไม้บรรทัด 2 ฟุต,อัน,สำนักงาน,,,125.00
ส0229,กระดานไวท์บอร์ด 60*80 ซม.,แผ่น,สำนักงาน,,,375.00
ส0230,ลูกแม็กซ์ 23/14,กล่อง,สำนักงาน,,,85.00
ส0231,ลูกแม็กซ์ 23/24,กล่อง,สำนักงาน,,,135.00
ส0232,ดอกไม้ปลอม(สำนักงาน),แพ็ค,สำนักงาน,,,209.00
ง0001,Clinicare Alohol Free 5 L.,แกลลอน,งานบ้านงานครัว,,,"2,090.00"
ง0002,Clinicare Suction Cleaner DW 5 L.,แกลลอน,งานบ้านงานครัว,,,"1,400.00"
ง0003,Hood ดับเพลิง,อัน,งานบ้านงานครัว,,,"1,391.00"
ง0004,กรวยกรอกน้ำ,อัน,งานบ้านงานครัว,,,20.00
ง0005,กรวยจราจร,อัน,งานบ้านงานครัว,,,298.00
ง0006,กระจกเงาไม่กรอบ,บาน,งานบ้านงานครัว,,,590.00
ง0007,กระดาษชำระม้วนใหญ่,ม้วน,งานบ้านงานครัว,,,107.00
ง0008,กระดาษเช็ดมือ,ห่อ,งานบ้านงานครัว,,,61.97
ง0009,กระทะไฟฟ้า,อัน,งานบ้านงานครัว,,,739.00
ง0010,กล่องพลาสติกมีฝาปิด(มีล้อ) ขนาดเล็ก,ใบ,งานบ้านงานครัว,,,242.00
ง0011,กล่องพลาสติกมีฝาปิด(มีล้อ) ขนาดใหญ่,ใบ,งานบ้านงานครัว,,,395.00
ง0012,กล่องโฟม,ใบ,งานบ้านงานครัว,,,45.00
ง0013,กล่องใส่กระดาษชำระม้วนใหญ่,ใบ,งานบ้านงานครัว,,,"1,250.00"
ง0014,กล่องใส่กระดาษเช็ดมือ,ใบ,งานบ้านงานครัว,,,509.00
ง0015,กล่องใส่สบู่เหลวล้างมือ,ใบ,งานบ้านงานครัว,,,510.00
ง0016,เจลก้อนหอม,ก้อน,งานบ้านงานครัว,,,20.00
ง0017,กะละมัง,ใบ,งานบ้านงานครัว,,,35.00
ง0018,กาวดักแมลงวัน,แผ่น,งานบ้านงานครัว,,,10.00
ง0019,กาวดักหนู,ชิ้น,งานบ้านงานครัว,,,155.00
ง0020,แก้วกรวยกระดาษ,แถว,งานบ้านงานครัว,,,62.48
ง0021,แก้วกาแฟพร้อมถาด,ชุด,งานบ้านงานครัว,,,36.38
ง0022,แก้วน้ำ,ใบ,งานบ้านงานครัว,,,15.00
ง0023,แก๊สหุงต้ม ขนาด 48 กก.,ถัง,งานบ้านงานครัว,,,"1,360.00"
ง0024,แก๊สหุงต้ม ขนาด 48 กก. (ถังพร้อมแก๊ส),ถัง,งานบ้านงานครัว,,,"6,000.00"
ง0025,ขวดน้ำเกลือ,ใบ,งานบ้านงานครัว,,,95.00
ง0026,ขวดสเปรย์ (เล็ก) (ขวดเปล่า),ขวด,งานบ้านงานครัว,,,38.00
ง0027,ขวดโหลพลาสติก,ใบ,งานบ้านงานครัว,,,32.00
ง0028,ขัน,ใบ,งานบ้านงานครัว,,,56.00
ง0029,เข่งพลาสติก,ใบ,งานบ้านงานครัว,,,235.00
ง0030,"เข็มเย็บผ้า ,ปักผ้า",ห่อ,งานบ้านงานครัว,,,20.00
ง0031,เข็มหมุด,กล่อง,งานบ้านงานครัว,,,150.00
ง0032,จาน,ใบ,งานบ้านงานครัว,,,68.00
ง0033,แจกัน (บค),ใบ,งานบ้านงานครัว,,,375.00
ง0034,ช้อนกาแฟ,โหล,งานบ้านงานครัว,,,91.00
ง0035,ชั้น,ใบ,งานบ้านงานครัว,,,469.00
ง0036,ชั้นไม้,อัน,งานบ้านงานครัว,,,400.33
ง0037,ชาม,ใบ,งานบ้านงานครัว,,,68.00
ง0038,ชุดกุญแจ (บค),ชุด,งานบ้านงานครัว,,,150.00
ง0039,ชุดช้อนส้อม,แพ็ค,งานบ้านงานครัว,,,157.00
ง0040,ชุดดับเพลิงนอกอาคาร,ชุด,งานบ้านงานครัว,,,"9,095.00"
ง0041,ชุดผ้าปู,ชุด,งานบ้านงานครัว,,,"1,500.00"
ง0042,เชือกฟาง,ม้วน,งานบ้านงานครัว,,,38.00
ง0043,โซ่ ขนาดเล็ก 0.5 กก.,เส้น,งานบ้านงานครัว,,,535.00
ง0044,ดอกไม้พลาสติก (ก้านสั้น/ก้านยาว),กำ,งานบ้านงานครัว,,,306.00
ง0045,ด้าย,หลอด,งานบ้านงานครัว,,,20.00
ง0046,ตลับเมตร (บค),ตลับ,งานบ้านงานครัว,,,550.00
ง0047,ตะกร้า,ใบ,งานบ้านงานครัว,,,199.00
ง0048,ตัวหนีบผ้า,โหล,งานบ้านงานครัว,,,50.00
ง0049,ตู้ลิ้นชัก,ใบ,งานบ้านงานครัว,,,990.00
ง0050,เตียงเหล็ก,ตัว,งานบ้านงานครัว,,,"1,900.00"
ง0051,ถังขยะ ขนาด 240 ลิตร ฝาเรียบ,ใบ,งานบ้านงานครัว,,,"2,300.00"
ง0052,ถังขยะชนิดเปิดฝาบน ขนาด 68 ลิตร,ใบ,งานบ้านงานครัว,,,"1,650.00"
ง0053,ถังขยะชนิดเหยียบ ขนาด 18 ลิตร,ใบ,งานบ้านงานครัว,,,595.00
ง0054,ถังขยะชนิดเหยียบ ขนาด 35 ลิตร,ใบ,งานบ้านงานครัว,,,995.00
ง0055,ถังขยะชนิดเหยียบ ขนาดเล็ก,ใบ,งานบ้านงานครัว,,,40.00
ง0056,ถังน้ำ(น้ำดื่ม),ใบ,งานบ้านงานครัว,,,120.00
ง0057,ถังพลาสติกพร้อมฝา,ใบ,งานบ้านงานครัว,,,185.00
ง0058,ถังม็อบ (ซักผ้าถูพื้น),ใบ,งานบ้านงานครัว,,,"7,383.00"
ง0059,ถาดเสิร์ฟอาหาร,ใบ,งานบ้านงานครัว,,,530.00
ง0060,ถ่าน 23 A,ก้อน,งานบ้านงานครัว,,,80.00
ง0061,ถ่าน 9 V,ก้อน,งานบ้านงานครัว,,,69.00
ง0062,ถ่าน C,ก้อน,งานบ้านงานครัว,,,70.00
ง0063,ถ่าน D,ก้อน,งานบ้านงานครัว,,,20.00
ง0064,ถ่าน ขนาด AA (อัลคาไลน์),ก้อน,งานบ้านงานครัว,,,28.00
ง0065,ถ่าน ขนาด AAA (อัลคาไลน์),ก้อน,งานบ้านงานครัว,,,28.00
ง0066,ถ่านกระดุม,ก้อน,งานบ้านงานครัว,,,80.00
ง0067,ถ่านชาร์จ ขนาด AA,ก้อน,งานบ้านงานครัว,,,198.00
ง0068,ถ่านชาร์จ ขนาด AAA,ก้อน,งานบ้านงานครัว,,,200.00
ง0069,ถุงขยะสีดำ ขนาด 16*19 นิ้ว,แพ็ค,งานบ้านงานครัว,,,60.00
ง0070,ถุงขยะสีดำ ขนาด 28*36 นิ้ว,แพ็ค,งานบ้านงานครัว,,,60.00
ง0071,ถุงขยะสีดำ ขนาด 40*40 นิ้ว,แพ็ค,งานบ้านงานครัว,,,60.00
ง0072,ถุงขยะสีแดง ขนาด 12*20 นิ้ว (พิมพ์ลาย),แพ็ค,งานบ้านงานครัว,,,75.00
ง0073,ถุงขยะสีแดง ขนาด 16*24 นิ้ว พิมพ์ลาย,กก.,งานบ้านงานครัว,,,80.00
ง0074,ถุงขยะสีแดง ขนาด 16*28 นิ้ว (พิมพ์ลาย),แพ็ค,งานบ้านงานครัว,,,80.00
ง0075,ถุงขยะสีแดง ขนาด 26*28 นิ้ว,แพ็ค,งานบ้านงานครัว,,,80.00
ง0076,ถุงขยะสีแดง ขนาด 40*40 นิ้ว,แพ็ค,งานบ้านงานครัว,,,80.00
ง0077,ถุงขยะสีแดง ขนาด 40*40 นิ้ว ไม่พิมพ์ลาย,แพ็ค,งานบ้านงานครัว,,,75.00
ง0078,ถุงขยะสีแดง ขนาด 9*12 นิ้ว,แพ็ค,งานบ้านงานครัว,,,80.00
ง0079,ถุงขยะสีเทา ขนาด 9*12 นิ้ว (ขยะอันตราย),แพ็ค,งานบ้านงานครัว,,,80.00
ง0080,ถุงขยะใส ขนาด 40*40 นิ้ว,แพ็ค,งานบ้านงานครัว,,,82.00
ง0081,ถุงขยะใส ขนาด 9*12 นิ้ว (ขยะอันตราย),แพ็ค,งานบ้านงานครัว,,,82.00
ง0082,ถุงซิปสีชา ขนาด 15*23 ซม.,กก.,วัสดุอื่น(ซองยา),,,152.00
ย0001,ถุงซิปสีชา ขนาด 6*8 ซม.,กก.,วัสดุอื่น(ซองยา),,,152.00
ย0002,ถุงซิปสีชา ขนาด 10*15 ซม.,กก.,วัสดุอื่น(ซองยา),,,142.00
ย0003,ถุงซิปใส ขนาด 10*15 ซม.,กก.,วัสดุอื่น(ซองยา),,,145.00
ย0004,ถุงซิปใส ขนาด 13*20 ซม.,กก.,วัสดุอื่น(ซองยา),,,145.00
ย0005,ถุงซิปใส ขนาด 15*23 ซม.,กก.,วัสดุอื่น(ซองยา),,,150.00
ย0006,ถุงซิปใส ขนาด 6*8 ซม.,กก.,วัสดุอื่น(ซองยา),,,142.00
ย0007,ถุงซิปใส ขนาด 7*10 ซม.,กก.,วัสดุอื่น(ซองยา),,,142.00
ย0008,ถุงซิปใส ขนาด 8*12 ซม.,กก.,วัสดุอื่น(ซองยา),,,145.00
ง0091,ถุงเท้าผู้คลอด,คู่,งานบ้านงานครัว,,,640.00
ง0092,ถุงมือดับเพลิง,คู่,งานบ้านงานครัว,,,"1,177.00"
ง0093,ถุงมือยางทำความสะอาด,คู่,งานบ้านงานครัว,,,45.00
ง0094,ถุงร้อน ขนาด 12*18 นิ้ว,แพ็ค,งานบ้านงานครัว,,,85.00
ง0095,ถุงร้อน ขนาด 14*26 นิ้ว,แพ็ค,งานบ้านงานครัว,,,85.00
ง0096,ถุงร้อน ขนาด 20*30 นิ้ว,แพ็ค,งานบ้านงานครัว,,,85.00
ง0097,ถุงร้อน ขนาด 6*9 นิ้ว,แพ็ค,งานบ้านงานครัว,,,85.00
ง0098,ถุงร้อน ขนาด 7*11 นิ้ว,แพ็ค,งานบ้านงานครัว,,,85.00
ง0099,ถุงร้อน ขนาด 9*14 นิ้ว,แพ็ค,งานบ้านงานครัว,,,85.00
ง0100,ถุงใส่ผ้าเปื้อน,ใบ,งานบ้านงานครัว,,,600.00
ง0101,ถุงหูหิ้ว ขนาด 9*18 นิ้ว,ใบ,งานบ้านงานครัว,,,105.00
ง0102,ถุงหูหิ้วสีขาว ขนาด 12*20 นิ้ว,แพ็ค,งานบ้านงานครัว,,,70.00
ง0103,โถใส่ข้าว,ใบ,งานบ้านงานครัว,,,50.00
ง0104,ที่คว่ำจาน,ชิ้น,งานบ้านงานครัว,,,299.00
ง0105,ที่ดูดน้ำ,อัน,งานบ้านงานครัว,,,35.00
ง0106,ที่ตักผง,อัน,งานบ้านงานครัว,,,80.00
ง0107,ที่นอน ขนาด 3 ฟุต,อัน,งานบ้านงานครัว,,,"1,200.00"
ง0108,ที่นอนผ้าใบ 3 พับ Summer Bed,อัน,งานบ้านงานครัว,,,"3,000.00"
ง0109,ที่ปั๊มท่อตัน,อัน,งานบ้านงานครัว,,,55.00
ง0110,ที่ปั๊มส้วม,อัน,งานบ้านงานครัว,,,125.00
ง0111,น้ำมันนวด,ขวด,งานบ้านงานครัว,,,370.00
ง0112,น้ำมันมะพร้าว,ขวด,งานบ้านงานครัว,,,550.00
ง0113,น้ำยา Boossklein High Livel,แกลลอน,งานบ้านงานครัว,,,"9,500.00"
ง0114,น้ำยา Neodisher Septo,แกลลอน,งานบ้านงานครัว,,,"7,500.00"
ง0115,น้ำยา Verife,แกลลอน,งานบ้านงานครัว,,,"7,800.00"
ง0116,น้ำยาขจัดกลิ่นฆ่าเชื้อเอนกประสงค์ (บรรจุ 3.8 ลิตร),แกลลอน,งานบ้านงานครัว,,,406.60
ง0117,น้ำยาขจัดคราบไขมัน (บรรจุ 20 ลิตร),ถัง,งานบ้านงานครัว,,,"2,033.00"
ง0118,น้ำยาขจัดคราบฝังลึก (บรรจุ 20 ลิตร),ถัง,งานบ้านงานครัว,,,"1,712.00"
ง0119,น้ำยาขจัดสนิมบนผ้า 20 ลิตร,แกลลอน,งานบ้านงานครัว,,,"1,712.00"
ง0120,น้ำยาขัดล้อดำ ,แกลลอน,งานบ้านงานครัว,,,350.00
ง0121,น้ำยาเคลือบเงาพื้น (บรรจุ 3.8 ลิตร),แกลลอน,งานบ้านงานครัว,,,733.00
ง0122,น้ำยาเคลือบแห้ง(IC),แกลลอน,งานบ้านงานครัว,,,"4,500.00"
ง0123,น้ำยาเช็ดกระจก บรรจุ 3.8 ลิตร,แกลลอน,งานบ้านงานครัว,,,267.50
ง0124,น้ำยาซักผ้า (บรรจุ 20 ลิตร),ถัง,งานบ้านงานครัว,,,909.50
ง0125,น้ำยาซักผ้าขาว (บรรจุ 20 ลิตร),ถัง,งานบ้านงานครัว,,,856.00
ง0126,น้ำยาโซแนค,กระป๋อง,งานบ้านงานครัว,,,164.85
ง0127,น้ำยาดันฝุ่น (บรรจุ 3.8 ลิตร),แกลลอน,งานบ้านงานครัว,,,695.50
ง0128,น้ำยาทำความสะอาดพื้นผิว (บรรจุ 3.8 ลิตร),แกลลอน,งานบ้านงานครัว,,,"2,140.00"
ง0129,น้ำยาปรับผ้านุ่ม (บรรจุ 20 ลิตร),ถัง,งานบ้านงานครัว,,,609.90
ง0130,น้ำยาปั่นเงา (บรรจุ 3.8 ลิตร),แกลลอน,งานบ้านงานครัว,,,673.20
ง0131,น้ำยาซักผ้าขาวและผ้าสี (บรรจุ 20 ลิตร),ถัง,งานบ้านงานครัว,,,"1,872.50"
ง0132,น้ำยารีดผ้าเรียบ,ถุง,งานบ้านงานครัว,,,60.00
ง0133,น้ำยาลอกแวกซ์ (บรรจุ 3.8 ลิตร),แกลลอน,งานบ้านงานครัว,,,500.00
ง0134,น้ำยาล้างเคมี ซาว (บรรจุ 20 ลิตร),ถัง,งานบ้านงานครัว,,,"1,284.00"
ง0135,น้ำยาล้างจาน (บรรจุ 3.8 ลิตร),แกลลอน,งานบ้านงานครัว,,,195.00
ง0136,น้ำยาล้างรถ (บรรจุ 20 ลิตร),แกลลอน,งานบ้านงานครัว,,,802.50
ง0137,น้ำยาล้างและฆ่าเชื้อ 5 ลิตร,แกลลอน,งานบ้านงานครัว,,,"7,500.00"
ง0138,น้ำยาล้างห้องน้ำ (บรรจุ 3.8 ลิตร),แกลลอน,งานบ้านงานครัว,,,321.00
ง0139,น้ำยาล้างห้องน้ำ (แบบขวด),ขวด,งานบ้านงานครัว,,,50.47
ง0140,น้ำยาล้างเอ็นไซน์(IC),แกลลอน,งานบ้านงานครัว,,,"4,044.80"
ง0141,ปลอกหมอนข้าง,ใบ,งานบ้านงานครัว,,,200.00
ง0142,ปลอกหมอนหนุน,ใบ,งานบ้านงานครัว,,,200.00
ง0143,แป้งเด็ก,กระปุก,งานบ้านงานครัว,,,70.00
ง0144,แปรงขัดพื้นด้ามยาว,อัน,งานบ้านงานครัว,,,350.00
ง0145,แปรงซักผ้า,อัน,งานบ้านงานครัว,,,35.00
ง0146,แปรงล้างขวดนม,ด้าม,งานบ้านงานครัว,,,135.00
ง0147,แปรงล้างห้องน้ำ,อัน,งานบ้านงานครัว,,,65.00
ง0148,ผงซักฟอก ,ถุง,งานบ้านงานครัว,,,200.00
ง0149,ผงไล่งู,แกลลอน,งานบ้านงานครัว,,,"1,792.25"
ง0150,ผลิตภัณฑ์ซักผ้า /ขจัดคราบ,แกลลอน,งานบ้านงานครัว,,,310.30
ง0151,"ผลิตภัณฑ์น้ำยาซักผ้าเครื่อง ""แมกซ์วอกช"" A605B",ถัง,งานบ้านงานครัว,,,"1,605.00"
ง0152,ผลิตภัณฑ์เสริมด่าง,ถัง,งานบ้านงานครัว,,,"1,284.00"
ง0153,ผ้าขนหนูเช็ดมือ ขนาด 12*12 นิ้ว,โหล,งานบ้านงานครัว,,,240.00
ง0154,ผ้าขวางเตียง,ผืน,งานบ้านงานครัว,,,350.00
ง0155,ผ้าคลุมเก้าอี้พลาสติก,ผืน,งานบ้านงานครัว,,,80.00
ง0156,ผ้าคลุมโต้ะ ขนาด 60*80*75,ผืน,งานบ้านงานครัว,,,"1,000.00"
ง0157,ผ้าคลุมโต้ะ ขนาด 75*80*75,ผืน,งานบ้านงานครัว,,,900.00
ง0158,ผ้าเช็ดตัว,ผืน,งานบ้านงานครัว,,,500.00
ง0159,ผ้าถูพื้น,ผืน,งานบ้านงานครัว,,,85.00
ง0160,ผ้าปูเตียง,ผืน,งานบ้านงานครัว,,,592.00
ง0161,ผ้าปูที่เตียงมีปีกป้องกันเด็กตกเตียง,ผืน,งานบ้านงานครัว,,,300.00
ง0162,ผ้าผูกข้อมือผู้ป่วย,ผืน,งานบ้านงานครัว,,,180.00
ง0163,ผ้าม็อบพื้น,ผืน,งานบ้านงานครัว,,,250.00
ง0164,ผ้าเมตรสีต่างๆ,เมตร,งานบ้านงานครัว,,,200.00
ง0165,ผ้าสี่เหลี่ยม 2 ชั้น ขนาด 14*14 นิ้ว,ผืน,งานบ้านงานครัว,,,145.00
ง0166,ผ้าสี่เหลี่ยม 2 ชั้น ขนาด 16*16 นิ้ว,ผืน,งานบ้านงานครัว,,,75.00
ง0167,ผ้าสี่เหลี่ยม 2 ชั้น ขนาด 20*20 นิ้ว,ผืน,งานบ้านงานครัว,,,190.00
ง0168,ผ้าห่ม ขนาด 60*80 นิ้ว,ผืน,งานบ้านงานครัว,,,580.00
ง0169,ผ้าห่อเครื่องมือนึ่งฆ่าเชื้อ,ผืน,งานบ้านงานครัว,,,190.00
ง0170,แผ่นขัดพื้นแบบแปรงไนล่อน(18 นิ้ว),แผ่น,งานบ้านงานครัว,,,"1,926.00"
ง0171,แผ่นขัดพื้นสีดำ ขนาด 18 นิ้ว,แผ่น,งานบ้านงานครัว,,,482.00
ง0172,แผ่นขัดพื้นสีแดง ขนาด 18 นิ้ว,แผ่น,งานบ้านงานครัว,,,482.00
ง0173,แผ่นขัดพื้นหนามเตย ขนาด 18 นิ้ว,แผ่น,งานบ้านงานครัว,,,"1,926.00"
ง0174,แผ่นแลปอาหาร,ม้วน,งานบ้านงานครัว,,,360.00
ง0175,ฝอยเหล็ก,ก้อน,งานบ้านงานครัว,,,18.00
ง0176,พรมเช็ดเท้า (ผ้า),ผืน,งานบ้านงานครัว,,,30.00
ง0177,พรมเช็ดเท้า (พลาสติก),ผืน,งานบ้านงานครัว,,,200.00
ง0178,พวงตากผ้า,อัน,งานบ้านงานครัว,,,40.84
ง0179,ฟองน้ำพร้อมสก็อตไบรท์,แผ่น,งานบ้านงานครัว,,,18.00
ง0180,ฟองน้ำล้างรถ,แผ่น,งานบ้านงานครัว,,,55.00
ง0181,ฟองน้ำเอนกประสงค์,แผ่น,งานบ้านงานครัว,,,5.00
ง0182,ไฟฉายแบบชาร์จ,กระบอก,งานบ้านงานครัว,,,295.00
ง0183,มีดโกน 2 คม,โหล,งานบ้านงานครัว,,,120.00
ง0184,ไม้กวาดขนไก่,อัน,งานบ้านงานครัว,,,150.00
ง0185,ไม้กวาดแข็ง,อัน,งานบ้านงานครัว,,,65.00
ง0186,ไม้กวาดหยากไย่,อัน,งานบ้านงานครัว,,,150.00
ง0187,ไม้กวาดอ่อน,อัน,งานบ้านงานครัว,,,60.00
ง0188,ไม้จิ้มฟัน,ห่อ,งานบ้านงานครัว,,,10.00
ง0189,ไม้ถูพื้น,อัน,งานบ้านงานครัว,,,75.00
ง0190,ไม้ถูพื้นพร้อมผ้า,อัน,งานบ้านงานครัว,,,115.00
ง0191,ไม้ทำความสะอาดรถ,อัน,งานบ้านงานครัว,,,195.00
ง0192,ไม้ม็อบพื้น,อัน,งานบ้านงานครัว,,,125.00
ง0193,ไม้ม็อบพื้นพร้อมผ้า,อัน,งานบ้านงานครัว,,,115.00
ง0194,ไม้รีดกระจก,อัน,งานบ้านงานครัว,,,195.00
ง0195,ไม้ไล่น้ำด้ามยาว,อัน,งานบ้านงานครัว,,,320.00
ง0196,ไม้ไล่น้ำด้ามสั้น,อัน,งานบ้านงานครัว,,,350.00
ง0197,ยางวง,ถุง,งานบ้านงานครัว,,,75.00
ง0198,รองเท้าดับเพลิง,คู่,งานบ้านงานครัว,,,"2,354.00"
ง0199,รองเท้าบู๊ท,คู่,งานบ้านงานครัว,,,220.00
ง0200,รองเท้าฟองน้ำ,คู่,งานบ้านงานครัว,,,65.00
ง0201,ราวแขวนสแตนเลส,ชุด,งานบ้านงานครัว,,,"1,190.00"
ง0202,วาสลีน,กระปุก,งานบ้านงานครัว,,,75.00
ง0203,สก็อตไบรท์,แผ่น,งานบ้านงานครัว,,,18.00
ง0204,สบู่เหลวล้างมือ (บรรจุ 3.8 ลิตร),แกลลอน,งานบ้านงานครัว,,,321.00
ง0205,สบู่เหลวล้างมือ (แบบขวด),ขวด,งานบ้านงานครัว,,,167.63
ง0206,"สเปรย์ฉีดแมลง,ยุง",กระป๋อง,งานบ้านงานครัว,,,115.00
ง0207,สเปรย์ปรับอากาศ-ดับกลิ่น,กระป๋อง,งานบ้านงานครัว,,,135.00
ง0208,สเปรย์โฟม,ขวด,งานบ้านงานครัว,,,"1,200.00"
ง0209,สายยาง 10 เมตร,ม้วน,งานบ้านงานครัว,,,"1,187.50"
ง0210,เสาจราจร,อัน,งานบ้านงานครัว,,,159.00
ง0211,เสื้อกันฝน,ตัว,งานบ้านงานครัว,,,27.00
ง0212,ไส้ตะเกียงแอลกอฮอลส์,เส้น,งานบ้านงานครัว,,,28.00
ง0213,หมวกดับเพลิง,ใบ,งานบ้านงานครัว,,,"2,354.00"
ง0214,หมอนข้าง,ใบ,งานบ้านงานครัว,,,350.00
ง0215,หมอนใยสังเคราะห์ แบบหนังเทียม,ใบ,งานบ้านงานครัว,,,400.00
ง0216,หมอนหนุน,ใบ,งานบ้านงานครัว,,,350.00
ง0217,หมอนหนุน (PVC ขนาด 37*50/8),ใบ,งานบ้านงานครัว,,,520.00
ง0218,หลอดกาแฟ,ถุง,งานบ้านงานครัว,,,50.00
ง0219,เหยือกน้ำ ขนาด 2 ลิตร,ใบ,งานบ้านงานครัว,,,90.00
ง0220,อลูมีเนียมฟรอยห่ออาหาร,กล่อง,งานบ้านงานครัว,,,81.32
ง0221,แอลกอฮอล์เจล VIRULEX HandGel 1000 ml.,ขวด,งานบ้านงานครัว,,,750.00
ง0222,ไฮเตอร์,ขวด,งานบ้านงานครัว,,,28.00
ง0223,ล้างผ้าพิเศษขจัดสนิมน้ำ,ถัง,งานบ้านงานครัว,,,"1,712.00"
ง0224,ผ้าปูเตียงตรวจรัดมุมสีชมพู,ผืน,งานบ้านงานครัว,,,640.00
ง0225,ปลอกหมอนเตียงตรวจสีชมพู,ผืน,งานบ้านงานครัว,,,220.00
ง0226,ผ้าคลุมตรวจสีชมพู,ผืน,งานบ้านงานครัว,,,300.00
ง0227,ผ้าขวางเตียงตรวจสีชมพู,ผืน,งานบ้านงานครัว,,,280.00
ง0228,ผ้าขวางเตียงคลอด,ผืน,งานบ้านงานครัว,,,280.00
ง0229,ผ้าขนหนููขนาด 35*70 ซม.,ผืน,งานบ้านงานครัว,,,150.00
ง0230,ผ้ารองคลอดสีชมพู 2 ชั้น 44*44 ซม.,ผืน,งานบ้านงานครัว,,,620.00
ง0231,เสื้อผู้ป่วยสีเทา,ตัว,งานบ้านงานครัว,,,400.00
ง0232,ผ้าถุงผู้ป่วยสีเทา,ผืน,งานบ้านงานครัว,,,360.00
ง0233,เสื้อผู้ป่วยคลอดขนาดใหญ่,ตัว,งานบ้านงานครัว,,,420.00
ง0234,เสื้อผู้ป่วยคลอดขนาดปกติ,ตัว,งานบ้านงานครัว,,,400.00
ง0235,ผ้าถุงผู้ป่วยคลอด,ผืน,งานบ้านงานครัว,,,360.00
ง0236,ชุดพนักงาน,ชุด,งานบ้านงานครัว,,,"1,100.00"
ง0237,ชุดกาวน์แขนสั้น,ชุด,งานบ้านงานครัว,,,750.00
ง0238,ชุดกาวน์แขนยาวขนาดใหญ่,ชุด,งานบ้านงานครัว,,,900.00
ง0239,น้ำยาล้างเครื่องมือแพทย์,แกลลอน,งานบ้านงานครัว,,,"4,044.60"
ง0240,ใบปัดน้ำฝนหน้า,คู่,งานบ้านงานครัว,,,500.00
ง0241,ใบปัดน้ำฝนหลัง,อัน,งานบ้านงานครัว,,,350.00
ง0242,แก๊สหุงต้ม ขนาด 48 กก. (1),ถัง,งานบ้านงานครัว,,,"1,302.00"
ง0243,สายยาง 20 เมตร,เมตร,งานบ้านงานครัว,,,600.00
ง0244,ผ้าหลาพิมพ์ลาย,เมตร,งานบ้านงานครัว,,,160.00
ง0245,ผ้าต่วน,เมตร,งานบ้านงานครัว,,,32.00
ง0246,ผลิตภัณฑ์ทำความสะอาดClinicare Suction Cleaner DW ,แกลลอน,งานบ้านงานครัว,,,"1,400.00"
ง0247,แกลลอนพลาสติก ,แกลลอน,งานบ้านงานครัว,,,390.00
ง0248,ถังกลม   30 ลิตร,ใบ,งานบ้านงานครัว,,,100.00
ง0249,ถังกลม 16 ลิตร,ใบ,งานบ้านงานครัว,,,135.00
ง0250,กระติกน้ำร้อน 3.3 ลิตร,ใบ,งานบ้านงานครัว,,,"1,080.00"
ง0251,กาวร้อน (งานบ้านงานครัว),หลอด,งานบ้านงานครัว,,,30.00
ง0252,ผ้าสี่เหลี่ยม 2 ชั้น ขนาด 22*22 นิ้ว,ผืน,งานบ้านงานครัว,,,390.00
ง0253,ยาตราปู,กล่อง,งานบ้านงานครัว,,,60.00
ง0254,ถังขยะเหยียบกลม ขนาด 18 ลิตร,ใบ,งานบ้านงานครัว,,,390.00
ง0255,เสื้อสะท้อนแสง,ตัว,งานบ้านงานครัว,,,250.00
ง0256,ถังกลม 160 ลิตร,ถัง,งานบ้านงานครัว,,,519.00
ฟ0001,NYY เนชั่น 2*50 SQ.MM 450/750 V,เมตร,ไฟฟ้า,,,585.00
ฟ0002,THW ANT # 2*2.5,ขด,ไฟฟ้า,,,"1,990.00"
ฟ0003,"THW BCC # 1.5,2.5",ขด,ไฟฟ้า,,,"1,356.00"
ฟ0004,THW BCC # 4,ขด,ไฟฟ้า,,,"2,139.00"
ฟ0005,THW BCC # 6,ขด,ไฟฟ้า,,,"2,989.00"
ฟ0006,THW INC # 2*1.5,ขด,ไฟฟ้า,,,"2,050.00"
ฟ0007,VAF BCC 2*2.5 SQ.MM. 100 ม.,ขด,ไฟฟ้า,,,"2,891.00"
ฟ0008,VCT (IEC53) 2 x 2.5 SQ.MM. 100 ม.,เมตร,ไฟฟ้า,,,"16,988.00"
ฟ0009,VFF เนชั่น 2*0.5 SQ.MM.,เมตร,ไฟฟ้า,,,9.00
ฟ0010,VSF (IEC02) 1 x 1.5 SQ.MM. 100 ม.,เมตร,ไฟฟ้า,,,254.00
ฟ0011,กระดิ่งไฟฟ้า,อัน,ไฟฟ้า,,,289.00
ฟ0012,กระติกน้ำร้อน 2.2 ลิตร,ใบ,ไฟฟ้า,,,"1,050.00"
ฟ0013,กราวด์ลอดชุบ,แท่ง,ไฟฟ้า,,,280.00
ฟ0014,กล่องเบรกเกอร์,อัน,ไฟฟ้า,,,17.00
ฟ0015,กล่องพลาสติกกันน้ำ,ใบ,ไฟฟ้า,,,50.00
ฟ0016,กล่องแยกจอ,ใบ,ไฟฟ้า,,,380.00
ฟ0017,ก้านแร็ค การไฟฟ้า,อัน,ไฟฟ้า,,,239.00
ฟ0018,ก้ามโคมส่องป้าย,ชุด,ไฟฟ้า,,,449.00
ฟ0019,ก้ามปู (ฟฟ),อัน,ไฟฟ้า,,,6.00
ฟ0020,กิ๊บ,อัน,ไฟฟ้า,,,15.00
ฟ0021,ข้อต่อสายแบบเต็ม (ฟฟ),อัน,ไฟฟ้า,,,27.00
ฟ0023,ข้อต่อสายแบบล๊อค,อัน,ไฟฟ้า,,,8.00
ฟ0024,ขั้วกระเบื้องในโคม,อัน,ไฟฟ้า,,,21.00
ฟ0025,ขั้วแป้น (ฟฟ),อัน,ไฟฟ้า,,,37.00
ฟ0026,ขั้วไฟเกลียว,อัน,ไฟฟ้า,,,120.00
ฟ0027,ขั้วไฟแบบเขี้ยว,อัน,ไฟฟ้า,,,120.00
ฟ0028,ขาโคมหัวเสา,อัน,ไฟฟ้า,,,101.00
ฟ0029,ขาสปริงเปล่า,ชุด,ไฟฟ้า,,,59.00
ฟ0030,ไขควงวัดไฟ,แพ็ค,ไฟฟ้า,,,60.00
ฟ0031,คลิปหลัง ICOM IC-50 FX,ชิ้น,ไฟฟ้า,,,250.00
ฟ0032,คอนเนกเตอร์,อัน,ไฟฟ้า,,,7.00
ฟ0033,คีมตัดสาย,อัน,ไฟฟ้า,,,385.00
ฟ0034,เคเบิ้ลไทด์,ถุง,ไฟฟ้า,,,135.00
ฟ0035,เคเบิ้ลไทร์ 3.6 x 200 mm. 8 นิ้ว,เส้น,ไฟฟ้า,,,42.00
ฟ0036,เคเบิ้ลไทร์ 4.8 x 250 mm. 10 นิ้ว,เส้น,ไฟฟ้า,,,84.00
ฟ0037,เครื่องวัดอุณหภูมิ,เครื่อง,ไฟฟ้า,,,890.00
ฟ0038,แค้มป์ทองเหลือง,อัน,ไฟฟ้า,,,76.00
ฟ0039,แค้มป์,อัน,ไฟฟ้า,,,8.00
ฟ0040,โคมดาวไลท์,ดวง,ไฟฟ้า,,,369.00
ฟ0041,โคมถนน 1 x 2W,ชุด,ไฟฟ้า,,,"1,525.00"
ฟ0042,โคมฝังไม้,ชุด,ไฟฟ้า,,,670.00
ฟ0043,โคมฟลัดไลท์ LED,ชุด,ไฟฟ้า,,,"2,399.00"
ฟ0044,โคมเมทัล LED,ชุด,ไฟฟ้า,,,"1,100.00"
ฟ0045,โคมสปอร์ตไลท์,ชุด,ไฟฟ้า,,,"4,399.00"
ฟ0046,โคมหัวเสา,ชุด,ไฟฟ้า,,,207.00
ฟ0047,แจ๊คทีวีตัวแอล (ตัวผู้),อัน,ไฟฟ้า,,,13.00
ฟ0048,ชุดเต้ารับ HDMI แบบฝังผนัง,อัน,ไฟฟ้า,,,"1,500.00"
ฟ0049,ตลับโทรศัพท์,อัน,ไฟฟ้า,,,26.00
ฟ0050,ต่อตรง,อัน,ไฟฟ้า,,,6.00
ฟ0051,ตัวแยกและรวมสัญญาณ,อัน,ไฟฟ้า,,,"3,890.00"
ฟ0052,ตู้คอนซูเมอร์กันดูด,อัน,ไฟฟ้า,,,"1,200.00"
ฟ0053,ตู้เหล็กกันน้ำมีหลังคา,ใบ,ไฟฟ้า,,,"1,237.00"
ฟ0054,ตู้โหลด 3P,ใบ,ไฟฟ้า,,,"15,879.00"
ฟ0055,ตู้โหลด RCBO,ใบ,ไฟฟ้า,,,"1,931.00"
ฟ0056,ตู้โหลด เซฟทีคัท กันดูด,ใบ,ไฟฟ้า,,,"3,124.00"
ฟ0057,เต้าหนีบ 2 ช่อง,เส้น,ไฟฟ้า,,,21.00
ฟ0058,ท่อขาว,เส้น,ไฟฟ้า,,,48.00
ฟ0059,ท่ออ่อน,เมตร,ไฟฟ้า,,,22.00
ฟ0060,เทปพันสายไฟ,แถว,ไฟฟ้า,,,60.00
ฟ0061,เทอมินอลโทรศัพท์,อัน,ไฟฟ้า,,,76.00
ฟ0062,ไทวายกลม,อัน,ไฟฟ้า,,,35.00
ฟ0063,น๊อต (ฟฟ),ตัว,ไฟฟ้า,,,38.00
ฟ0064,บล็อก,อัน,ไฟฟ้า,,,19.00
ฟ0065,เบรกเกอร์,ตัว,ไฟฟ้า,,,143.00
ฟ0066,เบรกเกอร์ กันดูด,ตัว,ไฟฟ้า,,,550.00
ฟ0067,แบตเตอรี่ FOR ICOM-F1000T BP280,ชิ้น,ไฟฟ้า,,,"2,622.00"
ฟ0068,แบตเตอรี่แห้ง,ก้อน,ไฟฟ้า,,,845.00
ฟ0069,ใบพัดลม 16 นิ้ว,อัน,ไฟฟ้า,,,161.00
ฟ0070,ใบพัดลม 18 นิ้ว,อัน,ไฟฟ้า,,,210.00
ฟ0071,ปลอก,อัน,ไฟฟ้า,,,30.00
ฟ0072,ปลั๊กกราวคู่ (บล็อกยางสนาม),อัน,ไฟฟ้า,,,510.00
ฟ0073,ปลั๊กตัวผู้,ตัว,ไฟฟ้า,,,13.00
ฟ0074,ปลั๊กฝัง,อัน,ไฟฟ้า,,,23.00
ฟ0075,ปลั๊กฝังกราวคู่,อัน,ไฟฟ้า,,,156.00
ฟ0076,ปลั๊กฝังกราวเดี่ยว,อัน,ไฟฟ้า,,,107.00
ฟ0077,ปลั๊กราง ยาว 10 เมตร,อัน,ไฟฟ้า,,,495.00
ฟ0078,ปลั๊กราง ยาว 3 เมตร,อัน,ไฟฟ้า,,,350.00
ฟ0079,ปลั๊กราง ยาว 5 เมตร,อัน,ไฟฟ้า,,,395.00
ฟ0080,แป้นยืด BEC แป้นยืด,อัน,ไฟฟ้า,,,75.00
ฟ0081,แผงลีเทคใหม่,อัน,ไฟฟ้า,,,102.00
ฟ0082,ฝาครอบ (ฟฟ),อัน,ไฟฟ้า,,,51.00
ฟ0083,ฝาพลาสติก,อัน,ไฟฟ้า,,,17.50
ฟ0084,พรีฟอร์ม 50 SQ.MM หุ้ม,เส้น,ไฟฟ้า,,,144.00
ฟ0085,พัดลมโคจร,ตัว,ไฟฟ้า,,,"2,600.00"
ฟ0086,พัดลมดูดอากาศ (ติดไม้),เครื่อง,ไฟฟ้า,,,"3,764.00"
ฟ0087,พัดลมตัวเล็ก (ตั้งโต๊ะ),ตัว,ไฟฟ้า,,,"1,375.00"
ฟ0088,พีจีแคมป์คู่,ตัว,ไฟฟ้า,,,70.00
ฟ0089,ฟรีฟอร์ม,ตัว,ไฟฟ้า,,,89.00
ฟ0090,ฟิวส์กระบอก,อัน,ไฟฟ้า,,,191.00
ฟ0091,ฟิวส์ใบมีด Size. Bogenfuse #NH1 160A,อัน,ไฟฟ้า,,,363.00
ฟ0092,ฟิวส์ใบมีด Size. Bogenfuse 160A,อัน,ไฟฟ้า,,,180.00
ฟ0093,ไฟกระพริบ,ชุด,ไฟฟ้า,,,190.00
ฟ0094,ไฟฉุกเฉิน LED,เครื่อง,ไฟฟ้า,,,"3,045.00"
ฟ0095,ไฟประดับตกแต่ง,ชุด,ไฟฟ้า,,,190.00
ฟ0096,มัลติมิเตอร์,ชุด,ไฟฟ้า,,,"3,799.00"
ฟ0097,เมนเบรกเกอร์,อัน,ไฟฟ้า,,,"11,033.00"
ฟ0098,แม็กเนติก S-T10,ตัว,ไฟฟ้า,,,495.00
ฟ0099,แม็กเนติก S-T35,ตัว,ไฟฟ้า,,,"1,910.00"
ฟ0100,ไมค์โมบาย ICOM,ชิ้น,ไฟฟ้า,,,"2,782.00"
ฟ0101,รางเก็บสายไฟ,ท่อน,ไฟฟ้า,,,80.00
ฟ0102,รางโค้ง,เส้น,ไฟฟ้า,,,179.00
ฟ0103,รางเดินไฟ,เส้น,ไฟฟ้า,,,257.00
ฟ0104,รางนีออน LED,ชุด,ไฟฟ้า,,,145.00
ฟ0105,รางไฟชนิด 12 Outlet,ท่อน,ไฟฟ้า,,,"2,350.00"
ฟ0106,รางมินิเท้งกิ้ง (รางร้อยสาย),เส้น,ไฟฟ้า,,,94.00
ฟ0107,รางร้อยสายโทรศัพท์,เส้น,ไฟฟ้า,,,25.00
ฟ0108,รางวายเวย์,เส้น,ไฟฟ้า,,,81.00
ฟ0109,โรลสายไฟ 1P,เมตร,ไฟฟ้า,,,129.00
ฟ0110,ลูกเซอร์กิต 32 A,อัน,ไฟฟ้า,,,120.00
ฟ0111,ลูกเซอร์กิต 3P,อัน,ไฟฟ้า,,,"2,457.00"
ฟ0112,ลูกแร็ค รุ่น A (48),อัน,ไฟฟ้า,,,15.00
ฟ0113,สกรูวัดไฟ (ไขควงวัดไฟ),ชิ้น,ไฟฟ้า,,,121.00
ฟ0114,สปริงดัดท่อ 16 มม.,อัน,ไฟฟ้า,,,90.00
ฟ0115,"สลักเกลียวอาบสังกะสี 10""m 16*250 mm",ตัว,ไฟฟ้า,,,70.00
ฟ0116,สว่านไขควง ไร้สาย,ตัว,ไฟฟ้า,,,"4,789.00"
ฟ0117,สวิทต์ฝัง เนใหม่,ตัว,ไฟฟ้า,,,42.00
ฟ0118,สวิทต์พัดลมเพดาน,ตัว,ไฟฟ้า,,,396.00
ฟ0119,สวิทต์ลูกลอย,อัน,ไฟฟ้า,,,761.00
ฟ0120,สวิสซ์ ปิด - เปิด,อัน,ไฟฟ้า,,,37.00
ฟ0121,สาย Adapter 19.5V - 47A,ตัว,ไฟฟ้า,,,550.00
ฟ0122,สาย HDMI 30 M.,เส้น,ไฟฟ้า,,,"3,100.00"
ฟ0123,สาย HDMI 4 k.,เส้น,ไฟฟ้า,,,365.00
ฟ0124,สายเชื่อม,เมตร,ไฟฟ้า,,,"1,515.00"
ฟ0125,สายเชื่อมส้ม,เมตร,ไฟฟ้า,,,91.00
ฟ0126,สายโทรศัพท์ 0.65/100เมตร,ขด,ไฟฟ้า,,,633.00
ฟ0127,สายโทรศัพท์ภายนอก (ดับวาย) BCC 200 เมตร,เมตร,ไฟฟ้า,,,"2,475.00"
ฟ0128,สายไฟ 1.5 (สีแดง-สีดำ 100 เมตร),ขด,ไฟฟ้า,,,578.00
ฟ0129,สายไฟ 2.5 (สีดำ 100 เมตร),ขด,ไฟฟ้า,,,"1,499.00"
ฟ0130,สายไฟ 2.5 (สีแดง 100 เมตร),ขด,ไฟฟ้า,,,"1,840.00"
ฟ0131,สายไฟ IEC 1*2.5 100 M.,ม้วน,ไฟฟ้า,,,863.00
ฟ0132,สายไฟ VAF 2*1.5 100MRACER,ม้วน,ไฟฟ้า,,,"1,721.00"
ฟ0133,สายไฟ เบอร์ 10 (100 เมตร),ขด,ไฟฟ้า,,,"3,400.00"
ฟ0134,สายรางเวย์ ขนาด 21*10 CM.,เส้น,ไฟฟ้า,,,61.00
ฟ0135,สายลม PU,เมตร,ไฟฟ้า,,,40.00
ฟ0136,สายลำโพง RCA 5 เมตร,สาย,ไฟฟ้า,,,290.00
ฟ0137,สายสัญญานไมค์,เส้น,ไฟฟ้า,,,950.00
ฟ0138,สายเสียง,เส้น,ไฟฟ้า,,,480.00
ฟ0139,เสายาง 150-160 MHz,ชิ้น,ไฟฟ้า,,,200.00
ฟ0140,หน้ากาก,อัน,ไฟฟ้า,,,80.00
ฟ0141,หน้ากากน้ำ,อัน,ไฟฟ้า,,,40.00
ฟ0142,หม้อมิเตอร์ไฟฟ้า,อัน,ไฟฟ้า,,,"1,580.00"
ฟ0143,หลอด Bulb LED,แพ็ค,ไฟฟ้า,,,560.00
ฟ0144,หลอด LED,หลอด,ไฟฟ้า,,,38.00
ฟ0145,หลอดไฟกลม,ดวง,ไฟฟ้า,,,103.00
ฟ0146,หลอดไฟนีออน LED,หลอด,ไฟฟ้า,,,204.00
ฟ0147,หลอดไฟยาว,หลอด,ไฟฟ้า,,,110.00
ฟ0148,หลอดไฟสั้น,หลอด,ไฟฟ้า,,,159.00
ฟ0149,หลอดฮาโลเจน 12V. 100W.,ชุด,ไฟฟ้า,,,160.00
ฟ0150,หัวแร้ง,อัน,ไฟฟ้า,,,228.00
ฟ0151,หางปลา,อัน,ไฟฟ้า,,,49.00
ฟ0152,"แหวน 4 เหลี่ยม ไฟฟ้ารู 5/8 """,อัน,ไฟฟ้า,,,15.00
ฟ0153,โอเวอร์โหลด,ตัว,ไฟฟ้า,,,522.00
ฟ0154,สวิทต์แสงแดด,อัน,ไฟฟ้า,,,220.42
ฟ0155,โคมซาลาเปา,ชุด,ไฟฟ้า,,,220.42
ฟ0156,คัดเตอร์ 18 มม.,อัน,ไฟฟ้า,,,279.00
ฟ0157,ปากกาเช็คไฟดิจิตอล,อัน,ไฟฟ้า,,,75.00
ฟ0158,เต๋าต่อสายไฟ 12 ช่อง,อัน,ไฟฟ้า,,,19.00
ฟ0159,สายไฟ VAF 2*2.5 100MRACER,อัน,ไฟฟ้า,,,"2,422.00"
ฟ0160,โรลสายไฟ 25 เมตร,เมตร,ไฟฟ้า,,,"1,690.00"
ฟ0161,ดาวไลท์ LED 18 W,ชุด,ไฟฟ้า,,,179.76
ฟ0162,ดาวไลท์ LED 15 W,ชุด,ไฟฟ้า,,,235.40
ฟ0163,ดาวไลท์ LED 12 W,ชุด,ไฟฟ้า,,,299.60
ฟ0164,ดาวไลท์ LED 9 W,ชุด,ไฟฟ้า,,,170.13
ฟ0165,โคมแอลอีดี ฟลัดไลท์ 100วัตต์,อัน,ไฟฟ้า,,,458.00
ฟ0166,โคมแอลอีดี ฟลัดไลท์ 50วัตต์,อัน,ไฟฟ้า,,,778.00
ฟ0167,ชุดหลอดไฟ LED โซล่าเซลล์,กล่อง,ไฟฟ้า,,,858.00
ฟ0168,แบตเตอรี่แห้ง 6V12AH,อัน,ไฟฟ้า,,,696.00
ฟ0169,THW BCC 50,เมตร,ไฟฟ้า,,,353.00
ฟ0170,ปลอกหุ้มหางปลา,ชิ้้น,ไฟฟ้า,,,3.00
ฟ0171,แค้มป์เหล็กจับท่อหนา,อัน,ไฟฟ้า,,,8.56
ฟ0172,เข็มขัดปีนเสา,อัน,ไฟฟ้า,,,"3,490.34"
ฟ0173,ตู้พลาสติก,ตู้,ไฟฟ้า,,,189.00
ฟ0174,คัทเอ้าท์ 2P-60A,อัน,ไฟฟ้า,,,180.00
ฟ0175,คัทเอ้าท์ 2P-30A,อัน,ไฟฟ้า,,,120.00
ฟ0176,คัทเอ้าท์ 2P-100A,อัน,ไฟฟ้า,,,610.00
ฟ0177,สายไมค์ วิทยุ,เส้น,ไฟฟ้า,,,500.00
ค0001,Adapter,ชิ้น,คอมพิวเตอร์,,,"1,990.00"
ค0002,CAT6 Cable (100M/BOX),ชิ้น,คอมพิวเตอร์,,,"1,890.00"
ค0003,CAT6 UTP Cable (305M/BOX),ชิ้น,คอมพิวเตอร์,,,"5,790.00"
ค0004,Drum Brother DR-2455,ชิ้น,คอมพิวเตอร์,,,"1,390.00"
ค0005,USB Flash Drive 64GB,ชิ้น,คอมพิวเตอร์,,,190.00
ค0006,Gigabit Switching Hub 8 Port,ชิ้น,คอมพิวเตอร์,,,"3,990.00"
ค0007,Gigabit Switching Hub 8 Port 10/100/100,ชิ้น,คอมพิวเตอร์,,,"1,290.00"
ค0008,INK FOR BROTHER BT5000 (สีชมพู),ขวด,คอมพิวเตอร์,,,460.00
ค0009,INK FOR BROTHER BT5000 (สีฟ้า),ขวด,คอมพิวเตอร์,,,460.00
ค0010,INK FOR BROTHER BT5000 (สีเหลือง),ขวด,คอมพิวเตอร์,,,460.00
ค0011,INK FOR BROTHER BTD 60 (Black),ขวด,คอมพิวเตอร์,,,490.00
ค0012,INK FOR CANON GI 790 (BK),ขวด,คอมพิวเตอร์,,,390.00
ค0013,INK FOR CANON GI 790 (C),ขวด,คอมพิวเตอร์,,,390.00
ค0014,INK FOR CANON GI 790 (M),ขวด,คอมพิวเตอร์,,,390.00
ค0015,INK FOR CANON GI 790 (Y),ขวด,คอมพิวเตอร์,,,490.00
ค0016,INK FOR CANON GI 790 Y. 2,ขวด,คอมพิวเตอร์,,,390.00
ค0017,INK FOR EPSON T00V100(003) (BK),ขวด,คอมพิวเตอร์,,,390.00
ค0018,INK FOR EPSON T00V200(003) (C),ขวด,คอมพิวเตอร์,,,390.00
ค0019,INK FOR EPSON T00V300(003) (M),ขวด,คอมพิวเตอร์,,,390.00
ค0020,INK FOR EPSON T00V400(003) (Y),ขวด,คอมพิวเตอร์,,,390.00
ค0021,INK FOR EPSONC13T664100 BK,ขวด,คอมพิวเตอร์,,,390.00
ค0022,INK FOR EPSON C13T664-200 (C),ขวด,คอมพิวเตอร์,,,390.00
ค0023,INK FOR EPSON C13T664-300 (M),ขวด,คอมพิวเตอร์,,,390.00
ค0024,INK FOR EPSON C13T664-400 (Y),ขวด,คอมพิวเตอร์,,,390.00
ค0025,Keybord (แป้นพิมพ์),ชิ้น,คอมพิวเตอร์,,,390.00
ค0026,MOUSE (เมาท์),ชิ้น,คอมพิวเตอร์,,,290.00
ค0027,Plug Boots cats,ชิ้น,คอมพิวเตอร์,,,150.00
ค0028,RIBBON FOR EPSON LQ 310/630,ตลับ,คอมพิวเตอร์,,,250.00
ค0029,Router Band Mikrotik (RB5009UG+S+IN),ชิ้น,คอมพิวเตอร์,,,"9,341.00"
ค0030,Router D-link,ชิ้น,คอมพิวเตอร์,,,"1,765.50"
ค0031,Router Wierless Dual Band Gigabit/Router,ชิ้น,คอมพิวเตอร์,,,"3,991.00"
ค0032,Smart Card Reader (สมาร์ทการ์ด),ชิ้น,คอมพิวเตอร์,,,590.00
ค0033,Smart Card Reader W/USB Cable,ชิ้น,คอมพิวเตอร์,,,"1,490.00"
ค0034,Solid State Drive 250 GB,ชิ้น,คอมพิวเตอร์,,,"1,890.00"
ค0035,SSD M.2 Pcle 250 GB,ชิ้น,คอมพิวเตอร์,,,"1,890.00"
ค0036,TONER Brother TN-2460/2480,ชิ้น,คอมพิวเตอร์,,,890.00
ค0037,Toner Canon 325,ชิ้น,คอมพิวเตอร์,,,750.00
ค0038,TONER HP 85A,ตลับ,คอมพิวเตอร์,,,790.00
ค0039,TONER HP 12A,ตลับ,คอมพิวเตอร์,,,790.00
ค0040,TONER HP 17A,ตลับ,คอมพิวเตอร์,,,950.00
ค0041,TONER HP 30 A,ตลับ,คอมพิวเตอร์,,,"1,250.00"
ค0042,TONER HP 76A,ตลับ,คอมพิวเตอร์,,,"1,590.00"
ค0043,TONER LASER 79A,ตลับ,คอมพิวเตอร์,,,790.00
ค0044,TONER LASER 83A,ตลับ,คอมพิวเตอร์,,,790.00
ค0045,Toner Pantum TL-410X,ชุด,คอมพิวเตอร์,,,"1,190.00"
ค0046,Webcam (Full HD) 4 K Auto Focus,ชิ้น,คอมพิวเตอร์,,,"1,190.00"
ค0047,Wifi Router Wireless Gigabit,ชิ้น,คอมพิวเตอร์,,,"2,210.00"
ค0048,Wireless USB Adaper AC600 Dual Band,ชิ้น,คอมพิวเตอร์,,,850.00
ค0049,แผ่น CD - R,หลอด,คอมพิวเตอร์,,,335.00
ค0050,ลำโพง Creative (2.0),ชิ้น,คอมพิวเตอร์,,,"9,301.00"
ค0051,สายไฟ Power ac 2,ม้วน,คอมพิวเตอร์,,,190.00
ค0052,สายแลน/สายโทรศัพท์,ม้วน,คอมพิวเตอร์,,,"1,490.00"
ค0053,หมึก CANON PGI-750 PGBK,ขวด,คอมพิวเตอร์,,,890.00
ค0054,หมึก CANON CLI-751 BK,ขวด,คอมพิวเตอร์,,,790.00
ค0055,หมึก CANON CLI-751 C,ขวด,คอมพิวเตอร์,,,790.00
ค0056,หมึก CANON CLI-751 M,ขวด,คอมพิวเตอร์,,,790.00
ค0057,หมึก CANON CLI-751 Y,ขวด,คอมพิวเตอร์,,,790.00
ค0058,หมึก HP GT52 C,ขวด,คอมพิวเตอร์,,,390.00
ค0059,หมึก HP GT52 M,ขวด,คอมพิวเตอร์,,,390.00
ค0060,หมึก HP GT52 Y,ขวด,คอมพิวเตอร์,,,390.00
ค0061,หมึก HP GT53 BK,ขวด,คอมพิวเตอร์,,,390.00
ค0062,หัวต่อสายแลนตัวเมีย 2 ด้าน,ตัว,คอมพิวเตอร์,,,130.00
ค0063,หัวแลนมาตรฐาน RJ 4550ตัว/ถุง),ถุง,คอมพิวเตอร์,,,350.00
ค0064,USB Flash Drive 256GB,อัน,คอมพิวเตอร์,,,690.00
ค0065,External HDD 2.5 1 TB,ชิ้น,คอมพิวเตอร์,,,"2,590.00"
ค0066,Webcam OKER Black/Full HD  1080P,ชิ้น,คอมพิวเตอร์,,,"1,250.00"
ค0067,เครื่องอ่านบัตรประชาชน รุ่น ACR39U-NF แบบต่อเข้ามือถือ,เครื่อง,คอมพิวเตอร์,,,"1,290.00"
ค0068,Combo Logitech (Mouse+Keyboard) USB Black,ชุด,คอมพิวเตอร์,,,590.00
ค0069,คีมเข้าหัวสาย LAN /สายโทรศัพท์GLINK (GLT-002),อัน,คอมพิวเตอร์,,,490.00
ค0070,TONER HP 107A,ตลับ,คอมพิวเตอร์,,,"1,250.00"
ค0071,TONER HP 145A,ตลับ,คอมพิวเตอร์,,,"1,390.00"
ค0072,Cable USB For Printer (2M),เส้น,คอมพิวเตอร์,,,150.00
ค0073,Cable USB For Printer (5M),เส้น,คอมพิวเตอร์,,,290.00
ค0074,สาย USB TO MINI /5PIN (3),เส้น,คอมพิวเตอร์,,,190.00
ค0075,สายต่อกล้องเว็บแคม 20 เมตร,เส้น,คอมพิวเตอร์,,,590.00
ค0076,สายต่อกล้องเว็บแคม 10 เมตร,เส้น,คอมพิวเตอร์,,,350.00
ค0077,TONER HP 79A,ตลับ,คอมพิวเตอร์,,,790.00
ค0078,TONER HP 83A,ตลับ,คอมพิวเตอร์,,,790.00
ค0079,เครื่องอ่านลายนิ้วมือ,เครื่อง,คอมพิวเตอร์,,,"7,000.00"
ค0080,กล้องWebcam,ตัว,คอมพิวเตอร์,,,"7,990.00"
ค0081,Canon GI-71 BK,ขวด,คอมพิวเตอร์,,,550.00
ค0082,Canon GI-71 C,ขวด,คอมพิวเตอร์,,,490.00
ค0083,Canon GI-71 M,ขวด,คอมพิวเตอร์,,,490.00
ค0084,Canon GI-71 Y,ขวด,คอมพิวเตอร์,,,490.00
ค0085,Smart Kit,อััน,คอมพิวเตอร์,,,"22,500.00"
ก0001,กรรไกรตัดท่อ,อัน,วัสดุก่อสร้าง,,,189.00
ก0002,กรรไกรตัดเหล็ก,อัน,วัสดุก่อสร้าง,,,290.00
ก0003,กระจกโต๊ะสำนักงาน,บาน,วัสดุก่อสร้าง,,,700.00
ก0004,กระจกบานเกล็ด,บาน,วัสดุก่อสร้าง,,,255.00
ก0005,กระดาษทราย,ใบ,วัสดุก่อสร้าง,,,9.00
ก0006,กระเบื้องปูพื้น,กล่อง,วัสดุก่อสร้าง,,,431.00
ก0007,กระเบื้องยาง,กล่อง,วัสดุก่อสร้าง,,,600.00
ก0008,กระเบื้องหลังคา,แผ่น,วัสดุก่อสร้าง,,,52.00
ก0009,กล่องเครื่องมือช่าง,ชิ้น,วัสดุก่อสร้าง,,,189.00
ก0010,กลอนประตู,ชุด,วัสดุก่อสร้าง,,,34.00
ก0011,กลอนประตูสแตนเลส,ตัว,วัสดุก่อสร้าง,,,62.00
ก0012,ก๊อกซิงค์ยืนก้านกลมแสตนเลส์แท้,อัน,วัสดุก่อสร้าง,,,293.00
ก0013,ก๊อกตู้เย็นทองเหลืองชุมโครเมี่ยมฯ,แพ็ค,วัสดุก่อสร้าง,,,235.00
ก0014,ก้ามปู,ถุง,วัสดุก่อสร้าง,,,49.00
ก0015,กาวทาท่อ,กระป๋อง,วัสดุก่อสร้าง,,,162.00
ก0016,กาวยาง,กระป๋อง,วัสดุก่อสร้าง,,,470.00
ก0017,กาวยาแนวอคีลิค,ถุง,วัสดุก่อสร้าง,,,89.00
ก0018,กาวร้อน,กระป๋อง,วัสดุก่อสร้าง,,,39.00
ก0019,กิ๊บจับท่อ,แพ็ค,วัสดุก่อสร้าง,,,22.00
ก0020,กุญแจคล้องทองเหลือง,แพ็ค,วัสดุก่อสร้าง,,,119.00
ก0021,เกจ์วัดลม,ตัว,วัสดุก่อสร้าง,,,285.00
ก0022,เกลียวเร่ง,ตัว,วัสดุก่อสร้าง,,,53.00
ก0023,เกียงก่อ,อัน,วัสดุก่อสร้าง,,,102.00
ก0024,เกียงโป๊วสี,อัน,วัสดุก่อสร้าง,,,82.00
ก0025,แกนน้ำเข้า,อัน,วัสดุก่อสร้าง,,,249.00
ก0026,แก๊สกระป๋อง,แพ็ค,วัสดุก่อสร้าง,,,160.00
ก0027,ขอแขวนผ้า,อัน,วัสดุก่อสร้าง,,,199.00
ก0028,ข้องอ 90 หนา 2 นิ้ว,อัน,วัสดุก่อสร้าง,,,30.00
ก0029,ข้อต่อตรง,อัน,วัสดุก่อสร้าง,,,45.00
ก0030,ข้อต่อยูเนี่ยนสวมท่อ,อัน,วัสดุก่อสร้าง,,,35.00
ก0031,ขั้วต่อสาย,เส้น,วัสดุก่อสร้าง,,,10.00
ก0032,ขั้วแป้น,อัน,วัสดุก่อสร้าง,,,20.00
ก0033,ขายึดราวผ้าม่านรางคู่,แพ็ค,วัสดุก่อสร้าง,,,129.00
ก0034,ขาเสียบอ่างล้างหน้า,อัน,วัสดุก่อสร้าง,,,95.00
ก0035,เข็มขัดรัดท่อ,ตัว,วัสดุก่อสร้าง,,,40.00
ก0036,ไขควง,ชิ้น,วัสดุก่อสร้าง,,,290.00
ก0037,ครอบปรับมุม (ซ้าย),แผ่น,วัสดุก่อสร้าง,,,50.00
ก0038,คลิปก้ามปู,แพ็ค,วัสดุก่อสร้าง,,,49.00
ก0039,คลิปรัดหางปลา,แพ็ค,วัสดุก่อสร้าง,,,32.00
ก0040,ค้อน,อัน,วัสดุก่อสร้าง,,,57.00
ก0041,คัตเตอร์,อัน,วัสดุก่อสร้าง,,,249.00
ก0042,คีมตัด,อัน,วัสดุก่อสร้าง,,,245.00
ก0043,คีมปากจิ้งจก,อัน,วัสดุก่อสร้าง,,,279.00
ก0044,คีมปากจิ๋ว,อัน,วัสดุก่อสร้าง,,,122.00
ก0045,คีมปากแหลม,อัน,วัสดุก่อสร้าง,,,328.00
ก0046,คีมล็อคปากตรง,อัน,วัสดุก่อสร้าง,,,329.00
ก0047,เคเบิ้ลไทร์,ถุง,วัสดุก่อสร้าง,,,85.00
ก0048,เครื่องเป่าลมร้อน 1600 วัตต์,เครื่อง,วัสดุก่อสร้าง,,,590.00
ก0049,แคมป์รัด,ถุง,วัสดุก่อสร้าง,,,10.00
ก0050,โครงเลื่อยตัดเหล็ก,ตัว,วัสดุก่อสร้าง,,,200.00
ก0051,จารบี,กระป๋อง,วัสดุก่อสร้าง,,,480.00
ก0052,ฉากรับชั้น,ตัว,วัสดุก่อสร้าง,,,99.00
ก0053,ชาร์ป,ชุด,วัสดุก่อสร้าง,,,380.00
ก0054,ชุดก๊อกน้ำ,ชุด,วัสดุก่อสร้าง,,,399.00
ก0055,ชุดกุญแจ,ชิ้น,วัสดุก่อสร้าง,,,80.00
ก0056,ชุดชักโครก,ชุด,วัสดุก่อสร้าง,,,"2,490.00"
ก0057,ชุดดอกไขควงและดอกเจาะ,ชุด,วัสดุก่อสร้าง,,,489.00
ก0058,ชุดประแจ,ชุด,วัสดุก่อสร้าง,,,149.00
ก0059,ชุดฝักบัวพร้อมสาย,ชุด,วัสดุก่อสร้าง,,,245.00
ก0060,ชุดมือหมุนบานเกล็ด,อัน,วัสดุก่อสร้าง,,,100.00
ก0061,ชุดลูกกลิ้งทาสี,ชุด,วัสดุก่อสร้าง,,,67.00
ก0062,ชุดลูกบล็อกขันสกรูยิง,ชุด,วัสดุก่อสร้าง,,,131.00
ก0063,ชุดสว่าน,ชุด,วัสดุก่อสร้าง,,,280.00
ก0064,ชุดสายเชื่อม,ชุด,วัสดุก่อสร้าง,,,650.00
ก0065,ชุดหัวฉีดชำระพร้อมสายชำระ,ชุด,วัสดุก่อสร้าง,,,180.00
ก0066,ชุดอ่างล้างจาน,ชุด,วัสดุก่อสร้าง,,,990.00
ก0067,ชุดอ่างล้างหน้า,ชุด,วัสดุก่อสร้าง,,,49.00
ก0068,ชุดอุปกรณ์หม้อน้ำ,อัน,วัสดุก่อสร้าง,,,385.00
ก0069,เชือกไนล่อน,ม้วน,วัสดุก่อสร้าง,,,480.00
ก0070,โช๊คประตู,ชุด,วัสดุก่อสร้าง,,,"1,200.00"
ก0071,ซิลิโคน,หลอด,วัสดุก่อสร้าง,,,149.00
ก0072,ซิลิโคนใส,หลอด,วัสดุก่อสร้าง,,,99.00
ก0073,โซดาไฟ,ถุง,วัสดุก่อสร้าง,,,60.00
ก0074,โซ่พลาสติก,ชุด,วัสดุก่อสร้าง,,,485.00
ก0075,โซ่เลื่อยเครื่อง,ชุด,วัสดุก่อสร้าง,,,550.00
ก0076,โซ่เหล็ก,เส้น,วัสดุก่อสร้าง,,,150.00
ก0077,ฐานล้อประตูสแตนเลส,อัน,วัสดุก่อสร้าง,,,115.00
ก0078,ดอกไขควง,แพ็ค,วัสดุก่อสร้าง,,,360.00
ก0079,ดอกโรตารี่,ตัว,วัสดุก่อสร้าง,,,77.00
ก0080,ดอกสว่านเจาะปูน,ดอก,วัสดุก่อสร้าง,,,65.00
ก0081,ดอกสว่านเจาะไม้,ตัว,วัสดุก่อสร้าง,,,99.00
ก0082,ดอกสว่านเจาะเหล็ก,ตัว,วัสดุก่อสร้าง,,,165.00
ก0083,ดูร่าวัน แผ่นปิดรอยต่อ,ม้วน,วัสดุก่อสร้าง,,,149.00
ก0084,ตลับเมตร,ชิ้น,วัสดุก่อสร้าง,,,120.00
ก0085,ตะกั่วบัดกรี,เส้น,วัสดุก่อสร้าง,,,79.00
ก0086,ตะกั่วเส้นปลอกปากกา,เส้น,วัสดุก่อสร้าง,,,47.00
ก0087,ตะกั่วหลอด,เส้น,วัสดุก่อสร้าง,,,22.00
ก0088,ตะแกรงดับกลิ่นพร้อมพลาสติก,ชุด,วัสดุก่อสร้าง,,,83.00
ก0089,ตะขอ ป.ปลา,ตัว,วัสดุก่อสร้าง,,,115.00
ก0090,ตะขอสับหน้าต่าง,ชุด,วัสดุก่อสร้าง,,,90.00
ก0091,ตะไบหางหนู,ตัว,วัสดุก่อสร้าง,,,80.00
ก0092,ตะปูเกลียว,ตัว,วัสดุก่อสร้าง,,,50.00
ก0093,ตัวกดชักโครก/ก๊อกกดปัสสาวะ,ตัว,วัสดุก่อสร้าง,,,104.00
ก0094,ตัวปีนไต่ฟุตบาท,ชิ้น,วัสดุก่อสร้าง,,,250.00
ก0095,ตาข่าย PVC,ม้วน,วัสดุก่อสร้าง,,,710.00
ก0096,ตาข่ายถัก,ม้วน,วัสดุก่อสร้าง,,,843.00
ก0097,ตาข่ายยืด,ม้วน,วัสดุก่อสร้าง,,,"1,500.00"
ก0098,ถาดสี,อัน,วัสดุก่อสร้าง,,,49.00
ก0099,ถุงมือเซฟตี้,คู่,วัสดุก่อสร้าง,,,325.00
ก0100,ถุงมือผ้า,คู่,วัสดุก่อสร้าง,,,88.00
ก0101,ถุงมือหนัง,คู่,วัสดุก่อสร้าง,,,60.00
ก0102,ทรายถม,คิว,วัสดุก่อสร้าง,,,279.00
ก0103,ทรายหยาบ,คิว,วัสดุก่อสร้าง,,,450.00
ก0104,ท่อพีวิซี,อัน,วัสดุก่อสร้าง,,,259.00
ก0105,ท่อย่น,ชุด,วัสดุก่อสร้าง,,,145.00
ก0106,ทินเนอร์,กระป๋อง,วัสดุก่อสร้าง,,,215.00
ก0107,เทปพันเกลียว,ม้วน,วัสดุก่อสร้าง,,,26.00
ก0108,น็อต,กิโลกรัม,วัสดุก่อสร้าง,,,120.00
ก0109,น็อตเกลียว,ตัว,วัสดุก่อสร้าง,,,2.00
ก0110,น้ำมันสน,ขวด,วัสดุก่อสร้าง,,,170.00
ก0111,น้ำมันเอนกประสงค์,กระป๋อง,วัสดุก่อสร้าง,,,260.00
ก0112,น้ำยากันซึม,กล่อง,วัสดุก่อสร้าง,,,150.00
ก0113,น้ำยาประสานท่อ 500กรัม,กระป๋อง,วัสดุก่อสร้าง,,,162.00
ก0114,นิปเปิ้ลพีวีซี,อัน,วัสดุก่อสร้าง,,,5.00
ก0115,บ๊อกซ์ลีเทค,อัน,วัสดุก่อสร้าง,,,26.00
ก0116,บอร์ด TPI,แผ่น,วัสดุก่อสร้าง,,,182.00
ก0117,บอลวาล์ว,ชุด,วัสดุก่อสร้าง,,,100.00
ก0118,บอลวาล์ว PVC,ชิ้น,วัสดุก่อสร้าง,,,35.00
ก0119,บันไดอลูมิเนียม 7 ชั้น,ตัว,วัสดุก่อสร้าง,,,"2,789.00"
ก0120,บานพับ 3 ตอน,ชุด,วัสดุก่อสร้าง,,,215.00
ก0121,บานพับกุญแจ,ชิ้น,วัสดุก่อสร้าง,,,20.00
ก0122,บานพับปีกผีเสื้อ,ชุด,วัสดุก่อสร้าง,,,165.00
ก0123,บานพับสแตนเลส,ชุด,วัสดุก่อสร้าง,,,85.00
ก0124,ใบเจียร์,ใบ,วัสดุก่อสร้าง,,,40.00
ก0125,ใบตัดแบบบาง,ใบ,วัสดุก่อสร้าง,,,20.00
ก0126,ใบตัดแบบหนา,ใบ,วัสดุก่อสร้าง,,,159.00
ก0127,ใบตัดเหล็ก,ใบ,วัสดุก่อสร้าง,,,25.00
ก0128,ใบมีดคัตเตอร์,ใบ,วัสดุก่อสร้าง,,,72.00
ก0129,ใบเลื่อยคันธนู,ใบ,วัสดุก่อสร้าง,,,65.00
ก0130,ใบเลื่อยจิ๊กซอ,ใบ,วัสดุก่อสร้าง,,,139.00
ก0131,ใบเลื่อยตัดเหล็ก,ใบ,วัสดุก่อสร้าง,,,5.00
ก0132,ใบเลื่อยอ่อนตัว,ใบ,วัสดุก่อสร้าง,,,41.00
ก0133,ไบโอนิคป้องกันส้วมเต็ม (ผง),กล่อง,วัสดุก่อสร้าง,,,45.00
ก0134,ประกับรัดสาย,ตัว,วัสดุก่อสร้าง,,,20.00
ก0135,ประแจเลื่อน,อัน,วัสดุก่อสร้าง,,,249.00
ก0136,ประตู PVC,บาน,วัสดุก่อสร้าง,,,"1,250.00"
ก0137,ประตู UPVC,บาน,วัสดุก่อสร้าง,,,"2,690.00"
ก0138,ประตูมุ้งลวด,บาน,วัสดุก่อสร้าง,,,850.00
ก0139,ประตูไม้,บาน,วัสดุก่อสร้าง,,,"1,990.00"
ก0140,ปลั๊กแปลงไฟ,อัน,วัสดุก่อสร้าง,,,39.00
ก0141,ปลายสว่าน,ตัว,วัสดุก่อสร้าง,,,39.00
ก0142,ปลายสว่านหัวเหลี่ยม,ตัว,วัสดุก่อสร้าง,,,600.00
ก0143,ปักเต้าตีเส้น,อัน,วัสดุก่อสร้าง,,,70.00
ก0144,ปากกาจับเหล็ก,ด้าม,วัสดุก่อสร้าง,,,119.00
ก0145,ปากกาเช็คไฟ,ด้าม,วัสดุก่อสร้าง,,,129.00
ก0146,ปากกาตัวซี,อัน,วัสดุก่อสร้าง,,,219.00
ก0147,ปากกาแหวนข้าง,ชิ้น,วัสดุก่อสร้าง,,,69.00
ก0148,ปืนเติมลมยาง,ชุด,วัสดุก่อสร้าง,,,437.00
ก0149,ปืนยิงยาแนว,อัน,วัสดุก่อสร้าง,,,50.00
ก0150,ปืนไล่ฝุ่น,ด้าม,วัสดุก่อสร้าง,,,161.00
ก0151,ปุ่มจับเฟอร์นิเจอร์ซิงค์อัลลอยด์,ชิ้น,วัสดุก่อสร้าง,,,59.00
ก0152,ปูน/กาวยาแนว,ถุง,วัสดุก่อสร้าง,,,89.00
ก0153,ปูนฉาบยิปซั่ม,ถุง,วัสดุก่อสร้าง,,,16.00
ก0154,ปูนซีเมนต์,ถุง,วัสดุก่อสร้าง,,,120.00
ก0155,ปูนผสมเสร็จ,คิว,วัสดุก่อสร้าง,,,130.00
ก0156,ปูนแพ้นท์,คิว,วัสดุก่อสร้าง,,,"1,850.00"
ก0157,แปรงทาสี,อัน,วัสดุก่อสร้าง,,,85.00
ก0158,แปรงลวดทองเหลือง,อัน,วัสดุก่อสร้าง,,,43.00
ก0159,ผงชอล์ก 100 กรัม (คละสี),ชิ้น,วัสดุก่อสร้าง,,,21.00
ก0160,ผ้ากันเปื้อน,ผืน,วัสดุก่อสร้าง,,,99.00
ก0161,ผ้าพลาสติกสาน,ม้วน,วัสดุก่อสร้าง,,,737.00
ก0162,ผ้าม่านห้องน้ำ,ผืน,วัสดุก่อสร้าง,,,169.00
ก0163,แผ่นพลาสวูดเรียบ,แผ่น,วัสดุก่อสร้าง,,,703.00
ก0164,แผ่นเพลท,แผ่น,วัสดุก่อสร้าง,,,55.00
ก0165,แผ่นยิปซั่ม,แผ่น,วัสดุก่อสร้าง,,,102.00
ก0166,แผ่นสมาร์ทบอร์ด,แผ่น,วัสดุก่อสร้าง,,,"1,659.00"
ก0167,ฝาครอบเกลียวใน,ตัว,วัสดุก่อสร้าง,,,22.00
ก0168,ฝาพลาสติก 6 ช่อง,อัน,วัสดุก่อสร้าง,,,67.00
ก0169,ฝารองนั่งทรงกลม,อัน,วัสดุก่อสร้าง,,,307.00
ก0170,ฝาลอง,ฝา,วัสดุก่อสร้าง,,,100.00
ก0171,พียูโฟม,แผ่น,วัสดุก่อสร้าง,,,209.00
ก0172,พุกน๊อต,อัน,วัสดุก่อสร้าง,,,59.00
ก0173,พุกพลาสติก,แพ็ค,วัสดุก่อสร้าง,,,83.00
ก0174,พุกเหล็ก,ตัว,วัสดุก่อสร้าง,,,30.00
ก0175,พุกเหล็กยิปซั่ม,ตัว,วัสดุก่อสร้าง,,,29.00
ก0176,ฟลินโค้ท,แกลลอน,วัสดุก่อสร้าง,,,380.00
ก0177,ม้วนสายวัด,ม้วน,วัสดุก่อสร้าง,,,380.00
ก0178,มีดคัทเตอร์,เล่ม,วัสดุก่อสร้าง,,,77.00
ก0179,มือจับประตู,อัน,วัสดุก่อสร้าง,,,250.00
ก0180,มือจับเหล็ก,ชุด,วัสดุก่อสร้าง,,,69.00
ก0181,เมทัลชีท,แผ่น,วัสดุก่อสร้าง,,,155.00
ก0182,ไม้คิ้วไม้สัก,เส้น,วัสดุก่อสร้าง,,,50.00
ก0183,ไม้ระแนง,แผ่น,วัสดุก่อสร้าง,,,200.00
ก0184,ไม้อัด,แผ่น,วัสดุก่อสร้าง,,,650.00
ก0185,ยางประเก็น,อัน,วัสดุก่อสร้าง,,,47.00
ก0186,ยางมะตอยผสมสำเร็จ,ถุง,วัสดุก่อสร้าง,,,99.00
ก0187,ยูโบว์ ขนาด 2 นิ้ว,ตัว,วัสดุก่อสร้าง,,,25.00
ก0188,ระดับน้ำ,อัน,วัสดุก่อสร้าง,,,158.00
ก0189,รั้วอเนกประสงค์ ยืด-หดได้,ตัว,วัสดุก่อสร้าง,,,"1,059.00"
ก0190,ราวทรงตัวสแตนเลส,อัน,วัสดุก่อสร้าง,,,"1,595.00"
ก0191,ราวผ้าม่าน,อัน,วัสดุก่อสร้าง,,,283.00
ก0192,ลวด,ห่อ,วัสดุก่อสร้าง,,,100.00
ก0193,ลวดเชื่อม,กล่อง,วัสดุก่อสร้าง,,,139.00
ก0194,ลวดสลิงสแตนเลส,ม้วน,วัสดุก่อสร้าง,,,"1,750.00"
ก0195,ล้อ TPR เกลียว,อัน,วัสดุก่อสร้าง,,,58.00
ก0196,ล้อเก็บสายไฟ,ม้วน,วัสดุก่อสร้าง,,,"1,250.00"
ก0197,ลอง 80 ซม.,ใบ,วัสดุก่อสร้าง,,,620.00
ก0198,ลังสแตนเลส,ลัง,วัสดุก่อสร้าง,,,373.00
ก0199,ลูกกลิ้งทาสี,ชุด,วัสดุก่อสร้าง,,,69.00
ก0200,ลูกบิดประตู,ตัว,วัสดุก่อสร้าง,,,160.00
ก0201,ลูกรีเวท,กล่อง,วัสดุก่อสร้าง,,,22.00
ก0202,เวอร์เนียสแตนเลสดิจิตอล,ชิ้น,วัสดุก่อสร้าง,,,519.00
ก0203,แว่นตานิรภัย,อัน,วัสดุก่อสร้าง,,,75.00
ก0204,สกรูเกลียวปล่อย,ตัว,วัสดุก่อสร้าง,,,30.00
ก0205,สกรูดำ,กล่อง,วัสดุก่อสร้าง,,,205.00
ก0206,สกรูปลายสว่าน,กล่อง,วัสดุก่อสร้าง,,,285.00
ก0207,สกรูยิงแผ่นยิปซั่ม,กล่อง,วัสดุก่อสร้าง,,,69.00
ก0208,สกรูยิงฝ้า,กล่อง,วัสดุก่อสร้าง,,,135.00
ก0209,สกรูยิงเมทัลชีท,ถุง,วัสดุก่อสร้าง,,,278.00
ก0210,สกรูยึดกระเบื้อง,ห่อ,วัสดุก่อสร้าง,,,162.00
ก0211,สเก็นตัวยู,ตัว,วัสดุก่อสร้าง,,,16.00
ก0212,สเปรย์หล่อลื่นเอนกประสงค์,กระป๋อง,วัสดุก่อสร้าง,,,210.00
ก0213,สลิงผ้าใบ,ผืน,วัสดุก่อสร้าง,,,"1,090.00"
ก0214,สแลมป์ 10 เมตร,แพ็ค,วัสดุก่อสร้าง,,,"1,990.00"
ก0215,สว่านกระแทกไร้สาย,ชิ้น,วัสดุก่อสร้าง,,,"2,790.00"
ก0216,สะดืออ่าง,อัน,วัสดุก่อสร้าง,,,200.00
ก0217,สังกะสี,แผ่น,วัสดุก่อสร้าง,,,247.00
ก0218,สามทาง 90 หนา 2 นิ้ว,อัน,วัสดุก่อสร้าง,,,44.00
ก0219,สายชำระ,ตัว,วัสดุก่อสร้าง,,,330.00
ก0220,สายถักน้ำดีใยแก้วหัวน๊อตทองเหลือง,ชิ้น,วัสดุก่อสร้าง,,,90.00
ก0221,สายถักน้ำดีสเตนเลส,อัน,วัสดุก่อสร้าง,,,135.00
ก0222,สายน้ำดี,เส้น,วัสดุก่อสร้าง,,,140.00
ก0223,สายน้ำทิ้ง,เส้น,วัสดุก่อสร้าง,,,179.00
ก0224,สายพาน,เส้น,วัสดุก่อสร้าง,,,150.00
ก0225,สายยูเหล็ก,คู่,วัสดุก่อสร้าง,,,80.00
ก0226,สายลม,ม้วน,วัสดุก่อสร้าง,,,225.00
ก0227,สิ่วด้ามพลาสติก,ชิ้น,วัสดุก่อสร้าง,,,99.00
ก0228,สีกันเชื้อรา(สีใส),ถุง,วัสดุก่อสร้าง,,,145.00
ก0229,สีกันสนิม,แกลลอน,วัสดุก่อสร้าง,,,225.00
ก0230,สีกัลไนซ์,แกลลอน,วัสดุก่อสร้าง,,,579.00
ก0231,สีเคลือบเงา,แกลลอน,วัสดุก่อสร้าง,,,400.00
ก0232,สีทาถนน,แกลลอน,วัสดุก่อสร้าง,,,704.00
ก0233,สีทาภายนอก,แกลลอน,วัสดุก่อสร้าง,,,"1,930.00"
ก0234,สีทาภายใน,แกลลอน,วัสดุก่อสร้าง,,,350.00
ก0235,สีน้ำมัน (ทุกสี),แกลลอน,วัสดุก่อสร้าง,,,"1,690.00"
ก0236,สีน้ำอะคิริค,ถัง,วัสดุก่อสร้าง,,,"1,330.00"
ก0237,สีรองพื้น,ถัง,วัสดุก่อสร้าง,,,"1,580.00"
ก0238,สีสเปรย์,กระป๋อง,วัสดุก่อสร้าง,,,76.00
ก0239,เสาสแตนเลสหัวกลม,อัน,วัสดุก่อสร้าง,,,"4,313.00"
ก0240,หน้ากากเชื่อมปรับแสงอาทิตย์,อัน,วัสดุก่อสร้าง,,,"1,250.00"
ก0241,หน้าต่าง,ชุด,วัสดุก่อสร้าง,,,"2,100.00"
ก0242,หน้าต่างบานเลื่อน,ชุด,วัสดุก่อสร้าง,,,"2,190.00"
ก0243,หลบซ้าย-ขวา,แผ่น,วัสดุก่อสร้าง,,,60.00
ก0244,หัวฉีดชำระ,ตัว,วัสดุก่อสร้าง,,,93.00
ก0245,หัวเติมลม,อัน,วัสดุก่อสร้าง,,,114.00
ก0246,หัวฝักบัว,ตัว,วัสดุก่อสร้าง,,,529.00
ก0247,หิ้งพระ,อัน,วัสดุก่อสร้าง,,,290.00
ก0248,หิน 3/4,คิว,วัสดุก่อสร้าง,,,450.00
ก0249,"หินลับมีดก้อนใหญ่+ยางรอง 8""",อัน,วัสดุก่อสร้าง,,,228.00
ก0250,เหล็กกล่อง 3/4 x 3/4 x ซิงค์,เส้น,วัสดุก่อสร้าง,,,200.00
ก0251,เหล็กกล่อง ขนาด 1*1 นิ้ว,เส้น,วัสดุก่อสร้าง,,,221.00
ก0252,เหล็กกล่อง ขนาด 1.5*1.5 นิ้ว,เส้น,วัสดุก่อสร้าง,,,390.00
ก0253,เหล็กกล่อง ขนาด 2*1 นิ้ว,เส้น,วัสดุก่อสร้าง,,,304.00
ก0254,เหล็กกล่อง ขนาด 3*1.5 นิ้ว,เส้น,วัสดุก่อสร้าง,,,585.00
ก0255,เหล็กกล่อง ขนาด 3/4 (6 หุน),เส้น,วัสดุก่อสร้าง,,,200.00
ก0256,เหล็กข้ออ้อย,เส้น,วัสดุก่อสร้าง,,,280.00
ก0257,เหล็กฉาก,เส้น,วัสดุก่อสร้าง,,,70.00
ก0258,เหล็กแบนตัด,เส้น,วัสดุก่อสร้าง,,,130.00
ก0259,เหล็กแป้นแบบกัลวาไนซ์,เส้น,วัสดุก่อสร้าง,,,540.00
ก0260,เหล็กแป๊บแบน,เส้น,วัสดุก่อสร้าง,,,396.00
ก0261,เหล็กเส้นกลม,เส้น,วัสดุก่อสร้าง,,,60.00
ก0262,เหลี่ยมโปร่งซิงค์,เส้น,วัสดุก่อสร้าง,,,397.00
ก0263,แหวนรอง,ถุง,วัสดุก่อสร้าง,,,70.00
ก0264,แหวนหัวก๊อก,ตัว,วัสดุก่อสร้าง,,,85.00
ก0265,อะครีลิค Besbond Arylic,แผ่น,วัสดุก่อสร้าง,,,189.00
ก0266,อ่างล้างหน้า,ชุด,วัสดุก่อสร้าง,,,650.00
ก0267,อิฐบล็อค,ก้อน,วัสดุก่อสร้าง,,,5.00
ก0268,อิฐมวลเบา,ก้อน,วัสดุก่อสร้าง,,,5.00
ก0269,อิฐมอญ,ก้อน,วัสดุก่อสร้าง,,,5.00
ก0270,เอ็นท์,ม้วน,วัสดุก่อสร้าง,,,580.00
ก0271,ประแจแหวนข้างปากตาย 10 มม.,อัน,วัสดุก่อสร้าง,,,50.00
ก0272,แหวนอีแปะ,แพ็ค,วัสดุก่อสร้าง,,,89.00
ก0273,"สกรูปลายสว่าน (ขนาด 20 มม. , 25 มม.)",ถุง,วัสดุก่อสร้าง,,,69.00
ก0274,สกรูพร้อมน็อต,ถุง,วัสดุก่อสร้าง,,,20.00
ก0275,ดอกเจาะอเนกประสงค์ก้านกลม,อัน,วัสดุก่อสร้าง,,,93.00
ก0276,ดอกไขควงกระแทก,แผง,วัสดุก่อสร้าง,,,100.15
ก0277,พุกปีกผีเสื้อยึดผนัง,แพ็ค,วัสดุก่อสร้าง,,,52.00
ก0278,ใบเลื่อยวงเดือน,ใบ,วัสดุก่อสร้าง,,,195.00
ก0279,กลอนสับสแตนเลส,ตัว,วัสดุก่อสร้าง,,,159.00
ก0280,กลอนห้องน้ำสแตนเลส,ตัว,วัสดุก่อสร้าง,,,62.00
ก0281,ดอกเจาะสแตนเลส,ตัว,วัสดุก่อสร้าง,,,145.00
ก0282,คีมตัดปากเฉียงหุ้มฉนวน,ตัว,วัสดุก่อสร้าง,,,289.00
ก0283,สกรูยึดกระเบื้องปลายสว่าน 18.75 มม.,ตัว,วัสดุก่อสร้าง,,,55.00
ก0284,สกรูยึดกระเบื้องปลายสว่าน 25 มม.,ตัว,วัสดุก่อสร้าง,,,57.00
ก0285,ท่อร้อยสาย,เส้น,วัสดุก่อสร้าง,,,184.00
ก0286,จอบ,ด้าม,วัสดุก่อสร้าง,,,379.00
ก0287,สายยาง,ม้วน,วัสดุก่อสร้าง,,,479.00
ก0288,ท่อหด PVC,แพ็ค,วัสดุก่อสร้าง,,,23.00
ก0289,สเก็น 3/8,ตัว,วัสดุก่อสร้าง,,,72.00
ก0290,สีเคลือบด้าน,แกลลอน,วัสดุก่อสร้าง,,,755.00
ก0291,แคล้มรัด,แกลลอน,วัสดุก่อสร้าง,,,59.00
ก0292,กล่องเก็บอะไหล่พลาสติก,กล่อง,วัสดุก่อสร้าง,,,159.00
ก0293,เหล็กแป๊บสี่เหลี่ยม,เส้น,วัสดุก่อสร้าง,,,169.68
ก0294,ตะแกรงเหล็กฉีก,แผ่น,วัสดุก่อสร้าง,,,899.50
ก0295,เฌอร่า ไม้พื้น,แผ่น,วัสดุก่อสร้าง,,,514.09
ก0296,สกรูยึดไม้,กล่อง,วัสดุก่อสร้าง,,,186.85
ก0297,แผ่นตัดเหล็กไฟเบอร์,ใบ,วัสดุก่อสร้าง,,,118.00
ก0298,คีมคอม้า,อัน,วัสดุก่อสร้าง,,,179.00
ก0299,ครอบปรับมุม (ขวา),แผ่น,วัสดุก่อสร้าง,,,45.00
ก0300,ก๊อกอ่างล่างหน้าเซ็นเซอร์,กล่อง,วัสดุก่อสร้าง,,,"2,250.00"
ก0301,กระเบื้องบุผนัง,แผ่น,วัสดุก่อสร้าง,,,53.78
ก0302,กาวซีเมนต์,ถุง,วัสดุก่อสร้าง,,,195.00
ก0303,แม่สี,แกลลอน,วัสดุก่อสร้าง,,,154.51
ก0304,พุกตะกั่ว,แพ็็ค,วัสดุก่อสร้าง,,,55.00
ก0305,พุคดร็อปอิน,แพ็ค,วัสดุก่อสร้าง,,,40.00
ก0306,พุกมวลเบา,ชุด,วัสดุก่อสร้าง,,,55.00
ก0307,ดอกสว่านโรตารี่,แพ็ค,วัสดุก่อสร้าง,,,161.00
ก0308,กันชนประตู,อัน,วัสดุก่อสร้าง,,,65.00
ก0309,กระจก 3 ชิ้น,ชุด,วัสดุก่อสร้าง,,,198.00
ก0310,ปูนกาว,ลูก,วัสดุก่อสร้าง,,,120.00
ก0311,ตะแกรงกันกลิ่นสแตนเลส,อัน,วัสดุก่อสร้าง,,,300.00
ก0312,ค้อนปอน,อัน,วัสดุก่อสร้าง,,,505.00
ก0313,สเปรย์ เกรดพิเศษ,กระป๋อง,วัสดุก่อสร้าง,,,110.00
ก0314,ดอกสว่านสเต็ปดริล,ชิ้น,วัสดุก่อสร้าง,,,160.00
ก0315,ไขควงปากแบนหัวแม่เหล็ก,อัน,วัสดุก่อสร้าง,,,74.00
ก0316,ไขควงทะลุปากแฉกหัวเเม่เหล็ก,อัน,วัสดุก่อสร้าง,,,66.00
ก0317,คอนแทคทิป,แพ็ค,วัสดุก่อสร้าง,,,105.00
ก0318,ชุดแม่เหล็กจับฉาก,แพ็ค,วัสดุก่อสร้าง,,,325.00
ก0319,ชุดไขควงซ่อมนาฬิกา,ชุด,วัสดุก่อสร้าง,,,165.00
ก0320,เทปพันสายไฟ (ก่อสร้าง),ม้วน,วัสดุก่อสร้าง,,,15.00
ก0321,กาวลาเท็กซ์,ขวด,วัสดุก่อสร้าง,,,80.00
ก0322,เสาจราจรPVC,อัน,วัสดุก่อสร้าง,,,310.00
ก0323,จอบผานรถไถ่,ด้าม,วัสดุก่อสร้าง,,,389.00
ก0324,ไฟคาดหัว,อัน,วัสดุก่อสร้าง,,,139.00
ก0325,รถเข็นพื้นเหล็ก,คัน,วัสดุก่อสร้าง,,,"1,640.00"
ก0326,เฌอร่า ไม้ฝา,แผ่น,วัสดุก่อสร้าง,,,88.07
ก0327,กระเบื้องปูผนัง,แผ่น,วัสดุก่อสร้าง,,,20.88
ก0328,ทีโอเอ วู้ดสเตน,แกลลอน,วัสดุก่อสร้าง,,,"1,002.00"
ก0329,ทีโอเอ กลิปตั้น,แกลลอน,วัสดุก่อสร้าง,,,740.00
ก0330,เคเบิ้ลไทร์ (ก่อสร้าง),แพ็ค,วัสดุก่อสร้าง,,,192.00
ก0331,เสื้อจราจรสะท้อนแสง,ตัว,วัสดุก่อสร้าง,,,310.00
ก0332,ใบตัดกระเบื้อง,ใบ,วัสดุก่อสร้าง,,,230.00
ก0333,ใบกบใสไม้,ใบ,วัสดุก่อสร้าง,,,135.00
ก0334,สกรูยึดกระเบื้องปลายสว่าน,กล่อง,วัสดุก่อสร้าง,,,149.00
ก0335,กบไฟฟ้า,เครื่อง,วัสดุก่อสร้าง,,,"1,790.00"
ก0336,ชุดแบตเตอรี่ ,ชุด,วัสดุก่อสร้าง,,,"1,780.00"
ก0337,เครื่องเจียร์,เครื่อง,วัสดุก่อสร้าง,,,"3,200.00"
ก0338,ดูร่าวัน บอร์ด ขอบเรียบ,แผ่น,วัสดุก่อสร้าง,,,207.35
ก0339,โครงลูกกลิ้ง,อัน,วัสดุก่อสร้าง,,,75.00
ก0340,ลูกบ็อก 12 เหลี่ยม,ชิ้น,วัสดุก่อสร้าง,,,55.00
ก0341,คีมปากตรงหุ้มฉนวน,อัน,วัสดุก่อสร้าง,,,340.00
ก0342,ผ้าใบพลาสติก,ผืน,วัสดุก่อสร้าง,,,359.00
ก0343,เบเยอร์ซิลด์ (ทุกสี),แกลลอน,วัสดุก่อสร้าง,,,880.00
ก0344,น๊อต m6,ชุด,วัสดุก่อสร้าง,,,3.15
ก0345,รีเวท,ถุง,วัสดุก่อสร้าง,,,35.00
ก0346,A-Dap ขาว,หลอด,วัสดุก่อสร้าง,,,50.00
ก0347,นิปเปิ้ลเหล็ก,ตัว,วัสดุก่อสร้าง,,,35.00
ก0348,ข้อลด 1 นิ้ว (ก่อสร้าง),ตัว,วัสดุก่อสร้าง,,,10.00
ช0001,น้ำมันดีเซล,ลิตร,เชื้อเพลิง,,,34.00
ช0002,น้ำมันเบนซิน,ลิตร,เชื้อเพลิง,,,44.00
บริ0001,น้ำดื่ม แบบขวด,ลัง,อุปโภค-บริโภค,,,55.00
บริ0002,น้ำดื่ม แบบแก้ว,แพ็ค,อุปโภค-บริโภค,,,80.00
บริ0003,น้ำหวานเข้มข้น,ขวด,อุปโภค-บริโภค,,,65.00
บริ0004,นมผงเด็กแรกเกิด,กล่อง,อุปโภค-บริโภค,,,400.00
ป0001,กรวด (ทราย),คิว,ประปา,,,107.00
ป0002,กรวยอิมฮอฟพลาสติกใส PS มีสเกล 1000 ml.,ชุด,ประปา,,,"1,250.00"
ป0003,ก๊อกน้ำ,ชิ้น,ประปา,,,185.00
ป0004,ก๊อกอ่างล้างจาน,ชิ้น,ประปา,,,399.00
ป0005,กิ๊บจับท่อน้ำ,แพ็ค,ประปา,,,27.00
ป0006,แกนน้ำออก,ชุด,ประปา,,,199.00
ป0007,ข้อโค้ง,อัน,ประปา,,,42.00
ป0008,ข้องอ,อัน,ประปา,,,65.00
ป0009,ข้อต่อตรง,ตัว,ประปา,,,23.00
ป0010,ข้อต่อตรงเกลียวนอก,ตัว,ประปา,,,9.00
ป0011,ข้อต่อตรงเกลียวใน,ตัว,ประปา,,,55.00
ป0012,ข้อต่อตรงลด,ตัว,ประปา,,,22.00
ป0013,ข้อลด,อัน,ประปา,,,120.00
ป0014,เข็มขัดรัดท่อ,ชิ้น,ประปา,,,15.00
ป0015,ครอรีนผง,ถัง,ประปา,,,"3,000.00"
ป0016,คลอรีนน้ำ,ลิตร,ประปา,,,941.00
ป0017,คลิบก้ามปูจับท่อ,แพ็ค,ประปา,,,35.00
ป0018,เครื่องวัดค่า PH,เครื่อง,ประปา,,,"2,397.00"
ป0019,ชุดทดสอบค่าออกซิเจนน้ำ,ชุด,ประปา,,,360.80
ป0020,ชุดสายฉีดชำระ,ชุด,ประปา,,,229.00
ป0021,"ตัวกรองไฟเบอร์ 10 """,ตัว,ประปา,,,"12,800.00"
ป0022,ท่อ PCV,เส้น,ประปา,,,46.00
ป0023,ท่อน้ำทิ้ง,ชุด,ประปา,,,139.00
ป0024,ท่อย่นน้ำทิ้ง,เส้น,ประปา,,,87.00
ป0025,เทปพันเกลียว,ม้วน,ประปา,,,26.00
ป0026,น๊อตชุบ,ตัว,ประปา,,,10.00
ป0027,น้ำยาประสานท่อ,กระป๋อง,ประปา,,,162.00
ป0028,บอลวาล์ว ขนาด 3 ทาง,ชุด,ประปา,,,800.00
ป0029,บอลวาล์ว พีวีซี,ชุด,ประปา,,,30.00
ป0030,บัตเตอร์ฟลายวาล์ว,อัน,ประปา,,,"2,190.00"
ป0031,ปรอทวัดน้ำ,อัน,ประปา,,,470.00
ป0032,ประตูน้ำทองเหลือง,อัน,ประปา,,,"2,348.00"
ป0033,ปลั๊กอุด PVC,ตัว,ประปา,,,2.50
ป0034,ปลั๊กอุดเกลียวนอก ขนาด 1/2 นิ้ว,ตัว,ประปา,,,3.00
ป0035,ปลั๊กอุดเกลียวใน ขนาด 1/2 นิ้ว,ตัว,ประปา,,,2.00
ป0036,ปั้มผลิต,ตัว,ประปา,,,"6,800.00"
ป0037,ฝาครอบ,อัน,ประปา,,,40.00
ป0038,ฝาครอบเกลียวใน,อัน,ประปา,,,3.00
ป0039,ฝาปั๊มน้ำพร้อมโอลิงค์,อัน,ประปา,,,"1,200.00"
ป0040,มิเตอร์น้ำ,อัน,ประปา,,,500.00
ป0041,มินิบอลวาล์ว 3 ทาง,ชุด,ประปา,,,119.00
ป0042,มินิบอลวาล์วเกลียวนอก,ชุด,ประปา,,,68.00
ป0043,มินิบอลวาล์วเกลียวใน,ชุด,ประปา,,,160.00
ป0044,ยางประเก็นน้ำดี,ชุด,ประปา,,,47.00
ป0045,ลูกลอยทองเหลือง,ชุด,ประปา,,,305.00
ป0046,ลูกลอยแท๊งค์น้ำ,ชุด,ประปา,,,329.00
ป0047,ลูกลอยไฟฟ้า,ชุด,ประปา,,,195.00
ป0048,วาล์ว PVC ขนาด 1/2 นิ้ว,ชุด,ประปา,,,28.00
ป0049,วาล์วเปิด - ปิดน้ำ,ชุด,ประปา,,,"1,600.00"
ป0050,วาล์วฝักบัวด้ามปัดไอติม,ชุด,ประปา,,,190.00
ป0051,สะดืออ่าง,อัน,ประปา,,,49.00
ป0052,สามทาง,อัน,ประปา,,,7.00
ป0053,สามทาง,อัน,ประปา,,,10.00
ป0054,สามทางเกลียวนอก,อัน,ประปา,,,12.00
ป0055,สามทางเกลียวใน,อัน,ประปา,,,15.00
ป0056,สามทางฉาก,อัน,ประปา,,,39.00
ป0057,สายน้ำดี,เส้น,ประปา,,,135.00
ป0058,สายน้ำทิ้ง,เส้น,ประปา,,,300.00
ป0059,สายฝักบัว,เส้น,ประปา,,,169.00
ป0060,สายยาง,เส้น,ประปา,,,450.00
ป0061,สายระดับน้ำ,เส้น,ประปา,,,10.00
ป0062,สารกรองน้ำ คาร์บอน,ชุด,ประปา,,,100.00
ป0063,สารส้มก้อน,กก.,ประปา,,,480.00
ป0064,สี่ทาง,อัน,ประปา,,,7.00
ป0065,ไส้กรอง MB 50 กรัม,ชุด,ประปา,,,"1,800.00"
ป0066,ไส้กรอง PP 20 นิ้ว,ชุด,ประปา,,,800.00
ป0067,ไส้กรอง R/0 ขนาด 10 นิ้ว,ชุด,ประปา,,,"1,680.00"
ป0068,ไส้กรอง คาร์บอน ขนาด 10 นิ้ว,ชุด,ประปา,,,890.00
ป0069,ไส้กรอง อินไลน์ 10 นิ้ว,ชุด,ประปา,,,"1,880.00"
ป0070,ไส้กรองน้ำ (ไส้กรองเมนเบรน 150กรัม),ชุด,ประปา,,,"2,180.00"
ป0071,ไส้กรองน้ำ R/020 นิ้ว,ชุด,ประปา,,,"2,480.00"
ป0072,หลอด UV 12W,หลอด,ประปา,,,"1,200.00"
ป0073,หัวฉีดชำระ (ประปา),ชุด,ประปา,,,99.00
ป0074,หัวออโต้ถังกรอง,อัน,ประปา,,,"6,430.70"
ป0075,อะไหล่เครื่องกำจัดท่อตัน,ชุด,ประปา,,,942.00
ป0076,โฮซอเจาะคอนกรีต,ชุด,ประปา,,,650.00
ป0077,ชุดอุปกรณ์หม้อน้ำ แบบปัดหน้า,ชุด,ประปา,,,325.00
ป0078,แกนน้ำเข้า (ประปา),อัน,ประปา,,,179.00
ป0079,ชุดอุุปกรณ์หม้อน้ำ แบบปัดข้าง,ชุด,ประปา,,,315.00
ป0080,สายถักน้ำดีสแตนเลส (ประปา),เส้น,ประปา,,,129.00
ป0081,หัวสายฉีดชำระ,อัน,ประปา,,,99.00
ป0082,ก๊อกอ่างล้างจาน แบบติดผนัง,อัน,ประปา,,,239.00
ป0083,ก๊อกอ่างล้างหน้าทรงเตี้ย,ตัว,ประปา,,,189.00
ป0084,วาล์วฝักบัว,อัน,ประปา,,,149.00
ป0085,ชุดกระจก 3 ชิ้น,ชุด,ประปา,,,199.00
ป0086,บอลวาล์วพีวีซีแรงดันสูง,ชิ้้น,ประปา,,,62.00
ป0087,หัวสปริงเกลอร์แกนสแตนเลส,แพ็ค,ประปา,,,270.00
ป0088,มินิบอลวาล์วทองเหลือง,ชิ้น,ประปา,,,82.00
ป0089,นิปเปิ้ลทองเหลือง,อัน,ประปา,,,29.00
ป0090,ก๊อกน้ำทองเหลืองมินิ,อัน,ประปา,,,102.00
ป0091,ก๊อกน้ำทองเหลือง,อัน,ประปา,,,132.00
ป0092,ข้อต่อตรงเกลียวนอกทองเหลือง,ชิ้น,ประปา,,,53.00
ป0093,ข้อต่อตรงเกลียวในทองเหลือง,ชิ้น,ประปา,,,32.00
ป0094,หัวกันไหล เกลียวนอก,ชิ้น,ประปา,,,6.00
ป0095,นิปเปิ้ลพีวีซี (ประปา),อัน,ประปา,,,5.25
ป0096,ฝาครอบเกลียวใน (ประปา),อัน,ประปา,,,4.00
ป0097,ชุดปะเก็นโอริงซีลยาง,ชุด,ประปา,,,119.00
ป0098,เสื้อปั๊ม,ตัว,ประปา,,,330.00
ป0099,ปั๊มน้ำ,ชิ้น,ประปา,,,379.00
ป0100,มินิบอลวาล์วชุป,ตัว,ประปา,,,65.00
ป0101,ฝาครอบพีวีซี,ชิ้น,ประปา,,,4.50
ป0102,บอลวาล์ว(ประปา),ชิ้น,ประปา,,,140.00
ป0103,กาวทาท่อ(ประปา),กระป๋อง,ประปา,,,160.00
ป0104,ท่อพีวีซี(ประปา),ท่อน,ประปา,,,210.00
ป0105,สะดืออ่าง(ประปา),ชิ้น,ประปา,,,85.00
ป0106,บอลวาล์วพีวีซี(ประปา),ชิ้น,ประปา,,,60.00
ป0107,ข้อต่อตรง 1/2 (ประปา),ชิ้น,ประปา,,,5.00
ป0108,ข้องอ 1/2 (ประปา),ชิ้น,ประปา,,,6.25
ป0109,ฝาครอบพีวีซี (ประปา),ชิ้น,ประปา,,,25.00
ป0110,ข้อต่อตรง 1 1/2 (ประปา),ชิ้น,ประปา,,,20.00
ป0111,ข้องอ 1 1/2 (ประปา),ชิ้น,ประปา,,,31.00
ป0112,อุดครอบ PVC,ตัว,ประปา,,,30.00
ป0113,ข้อต่อตรง 2 นิ้ว,ชิ้น,ประปา,,,22.00
ป0114,เทปพันเกลียว (ปป),อัน,ประปา,,,32.00
ป0115,ท่อร้อยสายไฟเหล็ก,เส้น,ประปา,,,184.00
ป0116,ปั๊มผลิต 300 g,ตัว,ประปา,,,"3,800.00"
ป0117,HIS 20 นิ้ว,ตัว,ประปา,,,"2,900.00"
ป0118,ไส้กรอง คาร์บอน ขนาด 20 นิ้ว,แท่ง,ประปา,,,800.00
ป0119,ไส้กรอง เรซิ่น 20 นิ้ว,แท่ง,ประปา,,,900.00
ป0120,ไส้กรองน้ำ (ไส้กรองเมนเบรน 100กรัม),แท่ง,ประปา,,,"1,800.00"
ป0121,ไส้กรอง post 10 นิ้ว,แท่ง,ประปา,,,850.00
ป0122,รัดแยกพีอี,อัน,ประปา,,,160.00
เก0001,กรรไกรตัดกิ่ง,อัน,วัสดุการเกษตร,,,129.00
เก0002,กระถาง,อัน,วัสดุการเกษตร,,,99.00
เก0003,กระถางรางยาว,อัน,วัสดุการเกษตร,,,250.00
เก0004,เกียวสตาร์ท,อัน,วัสดุการเกษตร,,,85.00
เก0005,ขาตั้งเครื่องตัดหญ้า,ชุด,วัสดุการเกษตร,,,280.00
เก0006,เข่ง,ใบ,วัสดุการเกษตร,,,120.00
เก0007,คราด,อัน,วัสดุการเกษตร,,,65.00
เก0008,คลัชท์,ชุด,วัสดุการเกษตร,,,220.00
เก0009,คาร์บูล,ชุด,วัสดุการเกษตร,,,550.00
เก0010,จอบ,เล่ม,วัสดุการเกษตร,,,110.00
เก0011,จานเอ็นตัดหญ้า,ใบ,วัสดุการเกษตร,,,100.00
เก0012,แจกัน,ใบ,วัสดุการเกษตร,,,35.00
เก0013,เชือกกระตุกเครื่อง,เส้น,วัสดุการเกษตร,,,25.00
เก0014,โซ่,เส้น,วัสดุการเกษตร,,,450.00
เก0015,โซแนค,ขวด,วัสดุการเกษตร,,,85.00
เก0016,ดอกไม้ปลอม,ชิ้น,วัสดุการเกษตร,,,242.00
เก0017,ดอกไม้สด,ช่อ,วัสดุการเกษตร,,,50.00
เก0018,ดิน,ถุง,วัสดุการเกษตร,,,100.00
เก0019,ต้นไม้,ต้น,วัสดุการเกษตร,,,90.00
เก0020,ต้นไม้ปลอม,ต้น,วัสดุการเกษตร,,,205.00
เก0021,ตะไบ,ตัว,วัสดุการเกษตร,,,90.00
เก0022,ตัวล็อคก้าน,ชุด,วัสดุการเกษตร,,,90.00
เก0023,ตาข่ายพลาสติก,อัน,วัสดุการเกษตร,,,250.00
เก0024,ท่อน้ำมันหล่อโซ่,อัน,วัสดุการเกษตร,,,120.00
เก0025,น๊อต,ตัว,วัสดุการเกษตร,,,25.00
เก0026,น๊อตกันกา,อัน,วัสดุการเกษตร,,,35.00
เก0027,น็อตเกลียวซ้าย,ตัว,วัสดุการเกษตร,,,35.00
เก0028,น็อตจับใบมีด,ตัว,วัสดุการเกษตร,,,16.00
เก0029,น็อตหกเหลี่ยม,ตัว,วัสดุการเกษตร,,,5.00
เก0030,น้ำมันเครื่อง ไดเกียว 2T 1ลิตร,ชิ้น,วัสดุการเกษตร,,,130.00
เก0031,บัวรดน้ำ,อัน,วัสดุการเกษตร,,,260.00
เก0032,ใบมีดตัดหญ้า,ใบ,วัสดุการเกษตร,,,220.00
เก0033,ประเก็นเครื่อง,ชุด,วัสดุการเกษตร,,,100.00
เก0034,ปะเก็นฝาครอบคาบู,ชิ้น,วัสดุการเกษตร,,,20.00
เก0035,ปุ๋ย,ถุง,วัสดุการเกษตร,,,900.00
เก0036,ผ้ากันเปื้อน PVC ขนาด 72 x 88 ซม.,ผืน,วัสดุการเกษตร,,,119.00
เก0037,ผ้ากันเปื้อน PVC ขนาด 78 x 108 ซม.,ผืน,วัสดุการเกษตร,,,139.00
เก0038,ฝาปั๊มน้ำมัน,อัน,วัสดุการเกษตร,,,200.00
เก0039,พลั่ว,อัน,วัสดุการเกษตร,,,250.00
เก0040,เฟืองเพลาปั่นใบพัด,เส้น,วัสดุการเกษตร,,,370.00
เก0041,ม้วนเอ็นตัดหญ้า,ม้วน,วัสดุการเกษตร,,,290.00
เก0042,มีดขอ,อัน,วัสดุการเกษตร,,,119.00
เก0043,มีดหัวตัด,เล่ม,วัสดุการเกษตร,,,139.00
เก0044,มีดเหลียม,เล่ม,วัสดุการเกษตร,,,280.00
เก0045,มีดเหลียม,เล่ม,วัสดุการเกษตร,,,400.00
เก0046,มือดึง,อัน,วัสดุการเกษตร,,,50.00
เก0047,มือเร่งเครื่องตัดหญ้า,อัน,วัสดุการเกษตร,,,300.00
เก0048,ลานสตาร์ท,อัน,วัสดุการเกษตร,,,350.00
เก0049,ลูกปืนข้อเหวี่ยง,ชุด,วัสดุการเกษตร,,,80.00
เก0050,ลูกปืนปลายก้าน,ชุด,วัสดุการเกษตร,,,100.00
เก0051,ลูกยางกดน้ำมัน,ลูก,วัสดุการเกษตร,,,50.00
เก0052,ลูกยางกดน้ำมัน,อัน,วัสดุการเกษตร,,,50.00
เก0053,เลื่อยแต่งกิ่งไม้,ตัว,วัสดุการเกษตร,,,199.00
เก0054,แว่นใส่ตัดหญ้า,อัน,วัสดุการเกษตร,,,270.00
เก0055,สปริงจาน,อัน,วัสดุการเกษตร,,,150.00
เก0056,สายคันเร่งเครื่องตัดหญ้า,เส้น,วัสดุการเกษตร,,,100.00
เก0057,สายน้ำมัน,เส้น,วัสดุการเกษตร,,,80.00
เก0058,สายสะพานเครื่องตัดหญ้า,ชิ้น,วัสดุการเกษตร,,,"1,100.00"
เก0059,เสียม,อัน,วัสดุการเกษตร,,,109.00
เก0060,เสื้อลูกแหวน,ชุด,วัสดุการเกษตร,,,850.00
เก0061,เสื้อสูบ+ลูกสูบ ครบชุด,ชุด,วัสดุการเกษตร,,,534.00
เก0062,หญ้าเทียม,ม้วน,วัสดุการเกษตร,,,"2,445.00"
เก0063,หัวเทียน,หัว,วัสดุการเกษตร,,,200.00
เก0064,เอ็นตัดหญ้า,ม้วน,วัสดุการเกษตร,,,350.00
เก0065,โอเอซิส,ก้อน,วัสดุการเกษตร,,,30.00
เก0066,แฮนด์เครื่องตัดหญ้า,อัน,วัสดุการเกษตร,,,200.00
เก0067,สายคันเร่ง+แฮนด์ ครบชุด,ชุด,วัสดุการเกษตร,,,400.00
เก0068,กรวยเติมน้ำมัน,อัน,วัสดุการเกษตร,,,50.00
เก0069,ดอกกล้วยไม้,ช่อ,วัสดุการเกษตร,,,25.00
เก0070,แจกันพร้อมจานรอง,ชุด,วัสดุการเกษตร,,,72.00
เก0071,ถ้วยหัวเอ็นตัดหญ้ามิเนียม,อัน,วัสดุการเกษตร,,,150.00
เก0072,ผ้ากันเปื้อนPVC 90x115 ซม.,อัน,วัสดุการเกษตร,,,170.00
เก0073,ข้อต่อตรงเกลียวนอก (เกษตร),ชิ้น,วัสดุการเกษตร,,,9.50
เก0074,เช็ควาล์วสวิงทองเหลือง 1 นิ้ว,ตัว,วัสดุการเกษตร,,,329.00
เก0075,สูทรับน้ำหนักเครื่องตัดหญ้า,ชิ้น,วัสดุการเกษตร,,,223.00
เก0076,หางเครื่องตัดหญ้า,อัน,วัสดุการเกษตร,,,"1,000.00"
ฆ0001,ขาตั้งป้ายประชาสัมพันธ์,ชุด,วัสดุโฆษณาและเผยแพร่,,,"1,750.00"
ฆ0002,ขาตั้งกล้อง,ชุด,วัสดุโฆษณาและเผยแพร่,,,"2,000.00"
ฆ0003,ขาแขวนโทรทัศน์,ชิ้น,วัสดุโฆษณาและเผยแพร่,,,"2,500.00"
ต0001,เสื้อผู้ป่วยผู้ใหญ่ ห้องพิเศษ,ตัว,วัสดุเครื่องแต่งกาย,,,400.00
ต0002,เสื้อผู้ป่วยผู้ใหญ่ ห้องสามัญ,ตัว,วัสดุเครื่องแต่งกาย,,,400.00
ต0003,เสื้อผู้ป่วยคลอด,ตัว,วัสดุเครื่องแต่งกาย,,,400.00
ต0004,เสื้อผู้ป่วยคลอด ขนาดใหญ่,ตัว,วัสดุเครื่องแต่งกาย,,,420.00
ต0005,เสื้อผู้ป่วยเด็ก ห้องพิเศษ,ตัว,วัสดุเครื่องแต่งกาย,,,400.00
ต0006,เสื้อผู้ป่วยเด็ก ห้องสามัญ,ตัว,วัสดุเครื่องแต่งกาย,,,400.00
ต0007,กางเกงผู้ป่วย ห้องพิเศษ,ตัว,วัสดุเครื่องแต่งกาย,,,360.00
ต0008,กางเกงผู้ป่วย ห้องสามัญ,ตัว,วัสดุเครื่องแต่งกาย,,,360.00
ต0009,กางเกงผู้ป่วยเด็ก ห้องพิเศษ,ตัว,วัสดุเครื่องแต่งกาย,,,360.00
ต0010,กางเกงผู้ป่วยเด็ก ห้องสามัญ,ตัว,วัสดุเครื่องแต่งกาย,,,360.00
ต0011,ผ้าถุงผู้ป่วย ห้องพิเศษ,ตัว,วัสดุเครื่องแต่งกาย,,,360.00
ต0012,ผ้าถุงผู้ป่วย ห้องสามัญ,ตัว,วัสดุเครื่องแต่งกาย,,,360.00
ต0013,ผ้าถุงผู้ป่วยคลอด ห้องสามัญ,ตัว,วัสดุเครื่องแต่งกาย,,,360.00
ต0014,ชุดกาวน์แขนสั้น,ตัว,วัสดุเครื่องแต่งกาย,,,750.00
ต0015,ชุดกาวน์แขนยาว ขนาดใหญ่,ตัว,วัสดุเครื่องแต่งกาย,,,900.00
ต0016,เสื้อกาวน์,ตัว,วัสดุเครื่องแต่งกาย,,,690.00
ต0017,ชุดสครับเสื้อและกางเกง,ตัว,วัสดุเครื่องแต่งกาย,,,"1,192.00"
ต0018,ชุดพนักงาน,ตัว,วัสดุเครื่องแต่งกาย,,,"1,100.00"
ต0019,เสื้อผู้รับบริการ งานแพทย์แผนไทย,ตัว,วัสดุเครื่องแต่งกาย,,,400.00
ต0020,กางเกงผู้รับบริการ งานแพทย์แผนไทย,ตัว,วัสดุเครื่องแต่งกาย,,,400.00
ยข0001,ชุดปัดน้ำฝน,ชุด,ยานพาหนะและขนส่ง,,,145.00
ยข0002,ยางนอกรถจักรยานยนต์,เส้น,ยานพาหนะและขนส่ง,,,450.00
ยข0003,ยางในรถจักรยานยนต์,เส้น,ยานพาหนะและขนส่ง,,,100.00
ยข0004,ยางรถยนต์,เส้น,ยานพาหนะและขนส่ง,,,"4,800.00"
ยข0005,จุ๊บเลส,ตัว,ยานพาหนะและขนส่ง,,,100.00
ยข0006,โช๊คหน้า - หลัง รถยนต์,ชุด,ยานพาหนะและขนส่ง,,,"5,525.00"
ยข0007,แบตเตอรี่ รถยนต์,ลูก,ยานพาหนะและขนส่ง,,,"2,900.00"
ยข0008,หลอดไฟรถยนต์ หน้า - หลัง,ชุด,ยานพาหนะและขนส่ง,,,"3,049.00"
ยข0009,น้ำกลั่น,ขวด,ยานพาหนะและขนส่ง,,,12.00
ยข0010,น้ำหล่อเย็น,ขวด,ยานพาหนะและขนส่ง,,,52.00
ยข0011,ผ้ายางปูพื้นรถ,ชุด,ยานพาหนะและขนส่ง,,,450.00
ยข0012,สายพ่วงแบตเตอรี่,ชุด,ยานพาหนะและขนส่ง,,,288.00
ยข0013,"ฝาครอบล้อรถยนต์ 15""",ชุด,ยานพาหนะและขนส่ง,,,750.00
ยข0014,น้ำมันเครื่องหัวฉีด,กระป๋อง,ยานพาหนะและขนส่ง,,,145.00
ยข0015,กรอบป้ายทะเบียน,ชุด,ยานพาหนะและขนส่ง,,,268.00
ยข0016,น้ำมันเครื่องคอมมอลเรล,ลิตร,ยานพาหนะและขนส่ง,,,158.00
ยข0017,ผ้ายางถาดหน้ารถยนต์,คู่,ยานพาหนะและขนส่ง,,,220.00
ยข0018,ผ้ายางถาดหลังรถยนต์,คู่,ยานพาหนะและขนส่ง,,,180.00
ยข0019,ล้อแม๊กซ์,ชุด,ยานพาหนะและขนส่ง,,,"10,000.00"
ยข0020,กันชน,ชิ้น,ยานพาหนะและขนส่ง,,,"4,000.00"
เก0077,จารบี(การเกษตร),กระป๋อง,วัสดุการเกษตร,,,110.00
ง0255,ถุงมือผ้า(งานบ้านงานครัว),คูุ่,งานบ้านงานครัว,,,12.00
  ต0021,เสื้อผู้ป่วยสีเทา(ต),ตัว,วัสดุเครื่องแต่งกาย,,,400.00
ต0022,ผ้าถุงผู้ป่วยสีเทา(ต),ผืน,วัสดุเครื่องแต่งกาย,,,360.00
ต0023,เสื้อผู้ป่วยคลอดขนาดใหญ่(ต),ตัว,วัสดุเครื่องแต่งกาย,,,420.00
ต0024,เสื้อผู้ป่วยคลอดขนาดปกติ(ต),ตัว,วัสดุเครื่องแต่งกาย,,,400.00
ต0025,ผ้าถุงผู้ป่วยคลอด(ต),ผืน,วัสดุเครื่องแต่งกาย,,,360.00
ต0026,ชุดพนักงาน(ต),ชุด,วัสดุเครื่องแต่งกาย,,,"1,100.00"
ต0027,ชุดกาวน์แขนสั้ั้น(ต),ชุด,วัสดุเครื่องแต่งกาย,,,750.00
ต0028,ชุดกาวน์แขนยาวขนาดใหญ่(ต),ชุด,วัสดุเครื่องแต่งกาย,,,900.00
ฟ0177,ปลอกหุ้มหางปลา(น้ำตาล),อััน,ไฟฟ้า,,,3.75
ฟ0178,ปลอกหุ้มหางปลา(ดำ),อัน,ไฟฟ้า,,,3.75
ฟ0179,ปลอกหุ้มหางปลา(เทา),อัน,ไฟฟ้า,,,3.75
ฟ0180,ปลอกหุ้มหางปลา(ฟ้า),อัน,ไฟฟ้า,,,3.75
ส0230,ใบ Copy Order 22*29.5 ซม. (ใหม่),ดวง,สำนักงาน,,,2.10