ร้านค้า,ที่อยู่,เบอร์โทร,เลขผู้เสียภาษี
ยอดยกมา,,,
บริษัท แอล อาร์ เซอร์วิส จำกัด,14 ม.5 ต.สิงห์ อ.ไทรโยค จ.กาญจนบุรี 71150,063-2214565,0105537147466
บริษัท ธนกาญจน์แก๊ส จำกัด,28/2 ม.1 ต.แก่งเสื้ยน อ.เมือง จ.กาญจนบุรี 71000,034653055,0715555000131
บริษัท ทัศศิพรเอ็นเทอไพรซ์ จำกัด,89/2 ถ.แสงชูโต ต.ท่ามะขาม อ.เมือง จ. กาญจนบุรี 71000,034 511999,0715550000036
ร้านดอกไม้ลิลลี่,399/1 ถ.แสงชูโต ต.ปากแพรก อ.เมือง จ.กาญจนบุรี 71000,034621033,1719900180544
บริษัท สยามยูเนี่ยนเคมีคอล จำกัด,84/1 ซอย6 ถ.คู้บอน แขวง.รามอินทรา เขตคันนายาว กทม 10230,0294321556,0105538144321
ห้างหุ้นส่วนจำกัด ปัญยวีร์ เทรดดิ้ง,4/1 ม.3 ต.ปากแรต อ.บ้านโป่ง จ.ราชบุรี 70110,0614745646,0703561000189
วังโพธิ์พาณิชย์,80 ม.1 ต.ลุ่มสุม อ.ไทรโยค จ.กาญจนบุรี 71150,034590044,3101400075428
หจก.อักษรภัณฑ์กาญจนบุรี (สำนักงานใหญ่),160/28-29 ถ.แสงชูโต ต.บ้านเหนือ อ.เมือง จ.กาญจนบุรี 71000,034512192,0713535000100
บริษัท เคมเทค เฮลท์แคร์ จำกัด,797 ซ.ประชาราษฎร์ 23 ถ.ประชาราษฎร์ 1 แขวงบางซื่อ เขตบางซื่อ กทม.10800,029127799,0105552024744
บริษัท กาญจนบุรีค้าส่ง จำกัด(สำนักงานใหญ่),57/1 ม.2 ต.ท่าล้อ อ.ท่าม่วง จ.กาญจนบุรี 71000,034604447,0715560001299
ห้างหุ้นส่วนจำกัดก๊อปปี้เซ็นเตอร์วิส เทรดดิ้ง(สำนักงานใหญ่),21/5 ถ.อู่ทอง ต.บ้านเหนือ อ.เมือง จ.กาญจนบุรี ,-,0713560001424
ห้างหุ้นส่วนจำกัด พงษ์ไพบูลย์ ดิสทริบิวชั่น(สำนักงานใหญ่),806 ถ.แสงชูโต ต.ปากแพรก อ.เมือง จ.กาญจนบุรี 71000,034-511335,0713543000253
ห้างหุ้นส่วนจำกัด ภาสิน(สำนักงานใหญ่),120/79 ม.9 ต.บางม่วง อ.เมือง จ.นครสวรรค์ 60000,056371105,0603541000206
เน็กวอเตอร์อิเล้กทรอนิกส์ เซอร์วิส,357/6 ม.4 ต.สวนแตง อ.เมือง จ.สุพรรณบุรี 72210,0863212276,3720100761664
บริษัท เอพี เมดิโคลท จำกัด (สำนักงานใหญ่),49/173 ม.6 ต.ลาดสวาย อ.ลำลุกกา จ.ปทุมธานี 12150,0817328268,0135565005921
หจก.ที.ซี.เอ็ม อินเตอร์เทรด(1997),39 ซ.เอกชัย 89 ถ.เอกชัย แขวงบางบอน เขต บางบอน กรุงเทพฯ 10150,028942336,0103540023282
โชตินันท์ การเกษตร,166 ม.3 ต.ท่าเสา อ.ไทรโยค จ.กาญจนบุรี 71150,034565103,3779900102787
หจก.กาญจนบุรีแอร์ แอนด์ ซาวด์ ,284/41-42 ถ.แสงชูโต ต.บ้านเหนือ อ.เมือง จ.กาญจนบุรี 71000,034-511277,0713547000550
 บริษัท ศศิศรัณย์วัสดุก่อสร้าง จำกัด (สำนักงานใหญ่),15/1 ม.3 ต.ลุ่มสุ่ม อ.ไทรโยค จ.กาญจนบุรี 71150,083-9849444,0715560003551
ห้างหุ้นส่วนจำกัด ฟรีดอมเทค คอมพิวเตอร์,190 ถ.เเสงชูโต ต.บ้านเหนือ อ.เมืองกาญจนบุรี จ.กาญจนบุรี 71000,034-517502,0713563000160
บริษัท สยามโกลบอลเฮ้า จำกัด (มหาชน) สำนักงานใหญ่,232 ม.19 ต.รอบเมือง อ.เมืองร้อยเอ็ด จ.ร้อยเอ็ด 45000,0931320846,0107551000029
ห้างหุ้นส่วนจำกัด เอส.ดับบลิว.เอ.เอ็นจิเนียริ่ง เซอร์วิส (สำนักงานใหญ่),23/93 ซ.ประชาอุทิศ 76 แยก 4/2 แขวงทุ่งครุ กรุงเทพมหานคร 10140,028738880,0103548006760
บริษัท ฮาร์ท สปอร์ตแวร์ จำกัด,235/1-236/1 หมู่ 15 ตำบลรางหวาย อำเภอพนมทวน จังหวัดกาญจนบุรี 71170,034-682778,0715559001132
เจริญอาภรณ์,160/21 ถ.แสงชูโต ต.บ้านเหนือ อ.เมืองจ.กาญจนบุรี 71000,034511626,3769900240900
บริษัท ดับเบิล อาร์ 2020(ไทยแลนด์)จำกัด,15/89 ม.11 ต.หนองปรือ อ.บางละมุง จ.ชลบุรี 20150,0951461334,0205563014019
บริษัท ปัญญาการยนต์ จำกัด,364 ถ.สุขุมวิท ต.เนินพระ อ.เมืองระยอง 21000,0868321555,0994000531001
บริษัท เคเอสพี.เซลส์แอนด์เซอร์วิส จำกัด (สำนักงานใหญ่),"98/70,98/71,98/72,98/73 หมู่11 ถ.พุทธมณฑลสาย 5 ต .ไร่ขิง อ.สามพราน จ.นครปฐม 73210",-,0735557006251
ร้าน FREEDOM TECH ,112/6 ม.8 ต.หนองบัว อ.เมืองกาญจนบุรี จ.กาญจนบุรี 71190,0899194562,3710100455067
สำนักงานสาธารณสุขจังหวัดกาญจนบุรี,,,
บริษัท ริโซ่ (ประเทศไทย) จำกัด,825 อาคารไพโรจน์กิจจา ชั้นที่ 10 ถ.เทพรัตนา แขวงบางนาเหนือ เขตบางนา กรุงเทพฯ 10260,02361464350,0105537139145
บริษัท ซีทีเอ็ม โกลเบิล จำกัด,84/1 ตรอกวัดลาดบัวขาว แขวงบางคอแหลม เขตบางคอแหลม กรุงเทพ 10120,0947650999,0105558023821
นายนพรัตน์ ระมัดจิตร,36 ม.1 ต.ลุ่มสุ่ม อ.ไทรโยค จ.กาญจนบุรี 71150,,1710200089881
ร้านแดนทอง ,190/1 ถนนแสงชูโต ต.บ้านเหนือ อ.เมือง จ.กาญจนบุรี 71000,034-511835,3710101038061
ร้านทรัพย์เพิ่ม,151 หมู่9 ตำบลหนองโรง อำเภอพนมทวน จังหวัดกาญจนบุรี 71140,0819813424,3520101577605
บริษัท ไปรษณีย์ไทย จำกัด,103/1 หมู่1 ต.ลุ่มสุ่ม อ.ไทรโยค จ.กาญจนบุรี 71150,034-591010,0105546095724
บริษัท เด็นท์-เมท จำกัด,679-39-40 ถนนอิสรภาพ แขวงวัดอรุณ เขตบางกอกใหญ่ กรุงเทพฯ 10600,024727744,0105531029747
นายศาศวัต ยุติธร,166 ม.10 ต.ปะเคียบ อ.คูเมือง จ.บุรีรัมย์,0616096714,1719900367741
สมาคมโรคไตแห่งประเทศไทย สำนักงานใหญ่,อาคารเฉลิมพระบารมี 50 ปี ชั้น 4  2 ซอยศูนย์วิจัย ถนนเพชรบุรี 47 บางกะปิ ห้วยขวาง กรุงเทพฯ 10310,027166091,0993000132611
บ้านศรีสุข,111/9 ม.7 ต.ลุ่มสุ่ม อ.ไทรโยค จ.กาญจนบุรี 71150,080-6298280,1710200044461
ห้างหุ้นส่วนจำกัด ระพงษ์,2 ถ.บวร ต.บ้านเหนือ อ.เมืองกาญจนบุรี จ.กาญจนบุรี 71000,034-511871,0713546001358
บริษัท พรสวรรค์การพิมพ์ จำกัด,76/1 ถ.แสงชูโตเหนือ ต.ท่ามะขาม อ.เมือง จ.กาญจนบุรี 71000,034-515319,0715560003402
บริษัท เวนเนอร์ (ไทยแลนด์) จำกัด,43 ถ.ดีทอง แขวงวัดราชบพิธ เขตพระนคร กรุงเทพ 10200,022215577,0105550038977
บริษัท โฮม โปรดักส์ เซนเตอร์ จำกัด,15 ม.1 ต.ท่าล้อ อ.ท่าม่วง จ.กาญจนบุรี 71000,,0107544000043
บริษัท นรินทร์ วัสดุก่อสร้าง จำกัด,3/9 ม.3 ต.ลุ่มสุ่ม อ.ไทรโยค จ.กาญจนบุรี 71150,,0949000531001
ร้านทรัพย์เกษตร,59 ม.8 ต.แก่งเสี้ยน อ.เมือง จ.กาญจนบุรี 71000,088-6457166,3710100250953